REG_CODE;REG_LIBELLE;DEP_CODE;DEP_LIBELLE;COMM;NUM_PA;ETAT_PA;DATE_REELLE_AUTORISATION;DATE_REELLE_DOC;DATE_REELLE_DAACT;AN_DEPOT;DR_DEPOT;DPC_AUT;DPC_DOC;DPC_DERN;APE_DEM;CJ_DEM;DENOM_DEM;SIREN_DEM;SIRET_DEM;CODPOST_DEM;LOCALITE_DEM;REC_ARCHI;ADR_NUM_TER;ADR_LIBVOIE_TER;ADR_LIEUDIT_TER;ADR_LOCALITE_TER;ADR_CODPOST_TER;SEC_CADASTRE1;NUM_CADASTRE1;SEC_CADASTRE2;NUM_CADASTRE2;SEC_CADASTRE3;NUM_CADASTRE3;SUPERFICIE_TERRAIN;ZONE_OP
11;Île-de-France;93;Seine-Saint-Denis;93048;09304825B0003;2;2025-12-24;;;2025;2025-01-01;2026-07;;2026-07;41.10D;6541;SCCV MONTREUIL 8 RUE MOLIERE;945359818;94535981800016;75011;PARIS;false;;;;;;;;;;;;0;4
11;Île-de-France;93;Seine-Saint-Denis;93048;09304825B0001;2;2025-07-18;;;2025;2025-01-01;2025-07;;2025-07;84.11Z;7210;COMMUNE DE MONTREUIL;219300480;21930048000015;93100;MONTREUIL;false;1;PLACE JACQUES DUCLOS;CROIX DE CHAVAUX;MONTREUIL;93100;AR;229;AR;236;BN;15;19315;4
11;Île-de-France;93;Seine-Saint-Denis;93048;09304824B0002;2;2025-01-02;;;2024;2024-01-01;2025-01;;2025-01;41.10D;6541;SCCV ROCHEBRUNE DE MONTREUIL;818399099;81839909900014;93270;SEVRAN;false;24;RUE ROCHEBRUNE;;MONTREUIL;93100;U;167;;;;;1212;4
11;Île-de-France;93;Seine-Saint-Denis;93048;09304824B0001;2;2024-12-06;;;2024;2024-01-01;2024-12;;2024-12;84.11Z;7348;COMMUNAUTE D AGGLOMERATION EST ENSEMBLE;200023430;20002343000032;93230;ROMAINVILLE;false;;RUE PIERRE DE MONTREUIL;;MONTREUIL;93100;AH;172;AG;228;AG;224;60948;4
11;Île-de-France;93;Seine-Saint-Denis;93048;09304823B0001;2;2023-04-11;;;2023;2023-01-01;2023-05;;2023-05;41.10A;5710;PROVINI ARSAN;535388599;53538859900024;94160;SAINT-MANDE;false;21bis;RUE DE LA SOLIDARITE;;MONTREUIL;93100;BQ;63;;;;;873;4
11;Île-de-France;93;Seine-Saint-Denis;93048;09304821B0002;2;2021-12-02;;;2021;2021-01-01;2022-01;;2022-01;84.11Z;7210;COMMUNE DE MONTREUIL;219300480;21930048000015;93100;MONTREUIL;false;;SITE OUEST DES MURS A PECH;;MONTREUIL;93100;BZ;227;BZ;228;BZ;229;0;4
11;Île-de-France;93;Seine-Saint-Denis;93048;09304821B0001;2;2021-07-09;;;2021;2021-01-01;2021-07;;2021-07;84.11Z;7210;COMMUNE DE MONTREUIL;219300480;21930048000015;93100;MONTREUIL;false;43 -;RUE SAINT  ANTOINE;;MONTREUIL;93100;BZ;369;BZ;549;BZ;552;2410;4
11;Île-de-France;93;Seine-Saint-Denis;93048;09304820B0003;2;2021-05-25;;;2020;2020-01-01;2021-05;;2021-05;84.11Z;7210;COMMUNE DE MONTREUIL;219300480;21930048000015;93100;MONTREUIL;false;154-1;RUE DE ROSNY;;MONTREUIL;93100;BZ;402;BZ;329;BZ;288;0;4
11;Île-de-France;93;Seine-Saint-Denis;93048;09304820B0002;6;2021-02-16;2021-02-22;2021-05-05;2020;2021-02-22;2021-02;2021-05;2021-05;68.20B;6599;SAINT-CROUZETTE;814312641;81431264100016;93170;BAGNOLET;false;77;RUE PARMENTIER;;MONTREUIL;93100;AT;98;;;;;328;4
11;Île-de-France;93;Seine-Saint-Denis;93048;09304819B0002;6;2019-05-21;2019-06-07;2019-07-04;2019;2019-01-01;2019-06;2022-05;2022-05;;;;;;93100;MONTREUIL SOUS BOIS;false;62;RUE VITRY;;MONTREUIL;93100;AI;114;;;;;447;4
11;Île-de-France;93;Seine-Saint-Denis;93048;09304819B0001;5;2019-06-24;2019-07-01;;2019;2019-01-01;2019-06;2019-07;2019-07;84.11Z;7220;DEPARTEMENT DE LA SEINE SAINT DENIS;229300082;22930008201453;93000;BOBIGNY;false;;;;;;;;;;;;0;4
11;Île-de-France;93;Seine-Saint-Denis;93048;09304813B0001;5;2013-12-19;2014-04-14;;2013;2013-01-01;2013-12;2014-04;2014-04;41.10D;5202;SNC DE BEAUVOIR;485207302;48520730200012;65000;TARBES;false;;RUE DES MESSIERS;;MONTREUIL;93100;AV;30;;;;;0;4
