id;idu;statut
PC09304812B0119;93048000BI0133;actuelle
PC09304812B0139;930480000X0299;actuelle
PC09304812B0139;930480000X0391;ancienne
PC09304812B0139;930480000X0390;actuelle
PC09304812B0144;93048000BS0173;actuelle
PC09304812B0144;93048000BS0175;actuelle
PC09304812B0149;93048000AR0236;actuelle
PC09304812B0149;93048000AR0229;actuelle
PC09304812B0166;930480000Y0317;actuelle
PC09304812B0174;93048000AR0230;actuelle
PC09304812B0174;93048000AR0085;actuelle
PC09304812B0177;93048000AQ0081;actuelle
PC09304812B0188;93048000AL0197;actuelle
PC09304812B0188;93048000AL0198;actuelle
PC09304812B0188;93048000AL0152;actuelle
PC09304812B0189;93048000BR0144;actuelle
PC09304812B0190;930480000R0149;actuelle
PC09304812B0191;93048000AC0237;actuelle
PC09304812B0191;93048000AC0235;actuelle
PC09304812B0191;93048000AC0092;actuelle
PC09304812B0199;93048000AD0197;actuelle
PC09304812B0199;93048000AD0195;actuelle
PC09304812B0199;93048000AD0194;actuelle
PC09304812B0200;93048000AF0311;actuelle
PC09304812B0200;93048000AF0284;actuelle
PC09304812B0200;93048000AF0277;actuelle
PC09304812B0205;93048000BP0257;actuelle
PC09304812B0205;93048000BP0256;actuelle
PC09304812B0205;93048000BP0222;actuelle
PC09304812B0206;930480000U0178;actuelle
PC09304812B0206;930480000U0016;actuelle
PC09304812B0207;93048000BI0315;actuelle
PC09304812B0207;93048000BI0313;actuelle
PC09304812B0207;93048000BI0174;actuelle
PC09304812B0209;93048000BP0020;actuelle
PC09304812B0211;93048000AL0009;actuelle
PC09304812B0211;93048000AL0012;actuelle
PC09304812B0213;930480000I0045;introuvable
PC09304812B0214;93048000AP0059;actuelle
PC09304812B0217;93048000BR0117;actuelle
PC09304812B0220;93048000CD0293;actuelle
PC09304812B0222;93048000CK0137;actuelle
PC09304812B0223;93048000AT0097;actuelle
PC09304812B0226;930480000T0386;actuelle
PC09304812B0228;93048000BU0200;actuelle
PC09304812B0230;930480000Z0327;actuelle
PC09304812B0234;93048000AC0007;actuelle
PC09304812B0237;93048000CJ0038;introuvable
PC09304812B0237;93048000CJ0037;actuelle
PC09304812B0237;93048000CJ0036;actuelle
PC09304812B0242;93048000AP0096;actuelle
PC09304812B0245;93048000BI0086;actuelle
PC09304812B0247;93048000AT0032;actuelle
PC09304812B0249;93048000AE0232;actuelle
PC09304812B0252;93048000BG0087;introuvable
PC09304812B0254;93048000AZ0051;actuelle
PC09304812B0256;93048000BZ0485;actuelle
PC09304812B0263;93048000BT0035;actuelle
PC09304813B0002;930480000A0019;actuelle
PC09304813B0004;930480000B0211;actuelle
PC09304813B0005;930480000D0065;actuelle
PC09304813B0010;93048000AR0242;actuelle
PC09304813B0010;93048000AR0243;actuelle
PC09304813B0020;93048000BK0343;actuelle
PC09304813B0020;93048000BK0269;actuelle
PC09304813B0031;93048000BI0215;actuelle
PC09304813B0031;93048000BI0014;actuelle
PC09304813B0036;93048000AH0135;introuvable
PC09304813B0043;93048000AS0193;actuelle
PC09304813B0047;930480000T0183;actuelle
PC09304813B0048;93048000AD0117;ancienne
PC09304813B0050;930480000K0263;actuelle
PC09304813B0056;93048000BQ0088;actuelle
PC09304813B0059;930480000V0021;actuelle
PC09304813B0060;93048000BP0023;actuelle
PC09304813B0068;93048000BF0098;actuelle
PC09304813B0068;93048000BF0097;actuelle
PC09304813B0068;93048000BF0096;actuelle
PC09304813B0074;93048000BN0056;actuelle
PC09304813B0080;93048000AY0070;actuelle
PC09304813B0081;93048000AG0108;actuelle
PC09304813B0085;93048000CN0108;actuelle
PC09304813B0088;930480000A0019;actuelle
PC09304813B0092;93048000BT0283;actuelle
PC09304813B0092;93048000BT0286;actuelle
PC09304813B0093;93048000AV0030;introuvable
PC09304813B0094;93048000CN0018;introuvable
PC09304813B0097;93048000AK0074;actuelle
PC09304813B0097;93048000AK0075;actuelle
PC09304813B0097;93048000AK0185;actuelle
PC09304813B0100;93048000CE0282;ancienne
PC09304813B0105;93048000AE0101;actuelle
PC09304813B0108;93048000BH0249;actuelle
PC09304813B0109;93048000CO0020;actuelle
PC09304813B0109;93048000CO0026;actuelle
PC09304813B0109;93048000CO0027;actuelle
PC09304813B0110;93048000AY0217;actuelle
PC09304813B0110;93048000AY0215;actuelle
PC09304813B0110;93048000AY0213;actuelle
PC09304813B0112;930480000X0119;actuelle
PC09304813B0113;93048000BL0034;actuelle
PC09304813B0115;930480000C0091;actuelle
PC09304813B0116;93048000BU0034;actuelle
PC09304813B0118;93048000AF0144;actuelle
PC09304813B0120;93048000AI0309;actuelle
PC09304813B0120;93048000AI0310;actuelle
PC09304813B0120;93048000AI0312;actuelle
PC09304813B0123;93048000AP0173;actuelle
PC09304813B0126;93048000BP0214;actuelle
PC09304813B0126;93048000BP0156;actuelle
PC09304813B0131;930480000Y0031;ancienne
PC09304813B0139;93048000BG0151;actuelle
PC09304813B0141;930480000V0036;actuelle
PC09304813B0142;93048000BO0061;actuelle
PC09304813B0144;930480000X0049;actuelle
PC09304813B0144;930480000X0050;actuelle
PC09304813B0147;93048000BK0008;actuelle
PC09304813B0150;93048000AC0174;actuelle
PC09304813B0152;93048000AE0081;actuelle
PC09304813B0152;93048000AE0085;actuelle
PC09304813B0160;93048000AT0070;introuvable
PC09304813B0163;93048000BO0161;introuvable
PC09304813B0163;93048000BO0172;actuelle
PC09304813B0165;93048000BL0115;actuelle
PC09304813B0168;930480000B0094;actuelle
PC09304813B0170;93048000BH0075;actuelle
PC09304813B0170;93048000BH0076;actuelle
PC09304813B0171;93048000BQ0052;actuelle
PC09304813B0173;93048000AT0036;actuelle
PC09304813B0174;93048000BD0053;actuelle
PC09304813B0175;930480000F0036;introuvable
PC09304813B0175;930480000F0028;introuvable
PC09304813B0175;930480000F0026;introuvable
PC09304813B0177;93048000BS0143;actuelle
PC09304813B0181;93048000AV0118;actuelle
PC09304814B0001;93048000AP0174;introuvable
PC09304814B0015;930480000B0084;actuelle
PC09304814B0016;930480000N0203;actuelle
PC09304814B0016;930480000N0117;actuelle
PC09304814B0022;930480000K0268;actuelle
PC09304814B0022;930480000K0258;introuvable
PC09304814B0022;930480000K0047;actuelle
PC09304814B0023;93048000BT0025;actuelle
PC09304814B0023;93048000BT0024;actuelle
PC09304814B0023;93048000BT0023;actuelle
PC09304814B0027;93048000AS0027;actuelle
PC09304814B0029;930480000L0092;actuelle
PC09304814B0032;93048000BU0026;actuelle
PC09304814B0035;93048000BT0275;introuvable
PC09304814B0035;93048000BT0276;introuvable
PC09304814B0043;93048000AY0254;actuelle
PC09304814B0050;93048000BL0154;actuelle
PC09304814B0052;93048000AP0051;actuelle
PC09304814B0056;93048000CR0043;actuelle
PC09304814B0059;93048000CQ0263;actuelle
PC09304814B0063;93048000BJ0207;actuelle
PC09304814B0065;93048000AB0138;actuelle
PC09304814B0066;930480000A0124;actuelle
PC09304814B0067;93048000BI0147;ancienne
PC09304814B0070;930480000B0302;actuelle
PC09304814B0070;930480000B0304;actuelle
PC09304814B0070;930480000B0300;actuelle
PC09304814B0074;93048000BF0043;introuvable
PC09304814B0079;93048000BE0064;actuelle
PC09304814B0082;93048000BI0131;actuelle
PC09304814B0086;93048000AB0148;ancienne
PC09304814B0086;93048000AB0144;ancienne
PC09304814B0086;93048000AB0274;actuelle
PC09304814B0092;93048000BR0144;actuelle
PC09304814B0100;93048000AP0346;actuelle
PC09304814B0100;93048000AP0347;actuelle
PC09304814B0100;93048000AP0334;ancienne
PC09304814B0101;930480000T0020;actuelle
PC09304814B0103;93048000AK0185;actuelle
PC09304814B0103;93048000AK0075;actuelle
PC09304814B0103;93048000AK0074;actuelle
PC09304814B0104;930480000C0046;ancienne
PC09304814B0105;930480000P0112;actuelle
PC09304814B0108;93048000AY0154;actuelle
PC09304814B0108;93048000AY0165;actuelle
PC09304814B0108;93048000AY0166;actuelle
PC09304814B0111;93048000AQ0016;actuelle
PC09304814B0113;93048000AG0109;actuelle
PC09304814B0121;93048000BM0008;introuvable
PC09304814B0121;93048000BM0006;introuvable
PC09304814B0122;93048000BI0193;actuelle
PC09304814B0130;93048000CF0026;actuelle
PC09304814B0131;93048000AI0308;actuelle
PC09304814B0133;93048000CQ0168;actuelle
PC09304814B0133;93048000CQ0281;actuelle
PC09304814B0153;93048000AK0004;actuelle
PC09304814B0155;93048000BR0028;actuelle
PC09304814B0157;93048000CQ0039;introuvable
PC09304814B0158;930480000N0115;actuelle
PC09304814B0162;93048000BK0302;actuelle
PC09304814B0163;930480000B0057;actuelle
PC09304814B0163;930480000B0056;actuelle
PC09304814B0164;930480000B0057;actuelle
PC09304814B0165;930480000A0062;actuelle
PC09304814B0166;93048000BI0158;actuelle
PC09304814B0170;930480000P0062;actuelle
PC09304814B0174;93048000BU0101;actuelle
PC09304814B0175;93048000AR0236;actuelle
PC09304814B0175;93048000AR0229;actuelle
PC09304814B0178;930480000X0139;actuelle
PC09304814B0182;93048000BL0055;actuelle
PC09304814B0184;93048000BH0161;actuelle
PC09304814B0184;93048000BH0162;actuelle
PC09304814B0188;930480000T0347;introuvable
PC09304814B0188;930480000T0196;actuelle
PC09304814B0188;930480000T0147;introuvable
PC09304814B0190;930480000G0117;ancienne
PC09304814B0190;930480000G0061;ancienne
PC09304814B0190;930480000G0030;ancienne
PC09304814B0193;93048000AE0159;actuelle
PC09304814B0200;93048000CK0152;ancienne
PC09304814B0203;93048000CJ0282;actuelle
PC09304814B0203;93048000CJ0268;actuelle
PC09304814B0203;93048000CJ0161;ancienne
PC09304814B0210;93048000BU0123;actuelle
PC09304814B0212;93048000BT0237;actuelle
PC09304814B0213;930480000X0298;actuelle
PC09304814B0213;930480000X0119;actuelle
PC09304814B0220;93048000BJ0027;introuvable
PC09304814B0222;93048000AG0277;actuelle
PC09304815B0002;93048000BH0151;actuelle
PC09304815B0003;930480000C0111;actuelle
PC09304815B0004;930480000K0182;actuelle
PC09304815B0005;930480000P0112;actuelle
PC09304815B0020;93048000BP0193;actuelle
PC09304815B0024;93048000AD0197;actuelle
PC09304815B0024;93048000AD0195;actuelle
PC09304815B0024;93048000AD0194;actuelle
PC09304815B0031;930480000Y0186;actuelle
PC09304815B0033;93048000AT0059;actuelle
PC09304815B0035;93048000CL0129;actuelle
PC09304815B0040;930480000U0167;ancienne
PC09304815B0043;93048000CJ0288;actuelle
PC09304815B0043;93048000CJ0270;actuelle
PC09304815B0045;930480000Y0138;actuelle
PC09304815B0046;93048000CN0021;introuvable
PC09304815B0047;93048000BY0050;introuvable
PC09304815B0047;93048000BY0203;actuelle
PC09304815B0047;93048000BY0204;actuelle
PC09304815B0057;93048000AF0339;actuelle
PC09304815B0060;93048000BJ0104;actuelle
PC09304815B0062;93048000CR0212;actuelle
PC09304815B0064;930480000A0019;actuelle
PC09304815B0065;930480000E0157;actuelle
PC09304815B0068;930480000Z0201;actuelle
PC09304815B0069;93048000CR0127;actuelle
PC09304815B0069;93048000CR0323;actuelle
PC09304815B0070;93048000AT0064;actuelle
PC09304815B0071;930480000Z0231;actuelle
PC09304815B0077;93048000BZ0114;actuelle
PC09304815B0081;93048000BI0023;ancienne
PC09304815B0081;93048000BI0024;actuelle
PC09304815B0082;93048000AV0092;actuelle
PC09304815B0082;93048000AV0093;actuelle
PC09304815B0083;93048000CR0327;actuelle
PC09304815B0085;93048000AP0122;actuelle
PC09304815B0087;93048000AE0143;actuelle
PC09304815B0089;93048000CN0358;actuelle
PC09304815B0094;93048000AV0176;actuelle
PC09304815B0096;93048000AX0076;ancienne
PC09304815B0096;93048000AX0077;ancienne
PC09304815B0098;93048000AL0127;actuelle
PC09304815B0098;93048000AL0129;actuelle
PC09304815B0098;93048000AL0157;actuelle
PC09304815B0100;930480000N0151;actuelle
PC09304815B0101;93048000AV0169;actuelle
PC09304815B0108;93048000BU0016;ancienne
PC09304815B0109;930480000K0052;actuelle
PC09304815B0109;930480000K0191;actuelle
PC09304815B0109;930480000K0199;actuelle
PC09304815B0110;93048000BK0060;actuelle
PC09304815B0111;93048000AT0133;actuelle
PC09304815B0114;930480000N0020;actuelle
PC09304815B0117;930480000Y0016;ancienne
PC09304815B0118;930480000F0005;introuvable
PC09304815B0118;930480000F0026;introuvable
PC09304815B0118;930480000F0036;introuvable
PC09304815B0120;93048000AI0185;actuelle
PC09304815B0121;930480000K0063;ancienne
PC09304815B0121;930480000K0064;actuelle
PC09304815B0124;93048000AP0119;actuelle
PC09304815B0125;93048000CE0282;ancienne
PC09304815B0126;93048000AP0006;ancienne
PC09304815B0127;93048000BH0163;actuelle
PC09304815B0131;93048000AK0074;actuelle
PC09304815B0131;93048000AK0075;actuelle
PC09304815B0131;93048000AK0185;actuelle
PC09304815B0137;93048000AS0195;actuelle
PC09304815B0137;93048000AS0196;actuelle
PC09304815B0139;93048000AP0342;actuelle
PC09304815B0142;93048000BP0024;actuelle
PC09304815B0142;93048000BP0028;actuelle
PC09304815B0144;93048000BM0006;introuvable
PC09304815B0144;93048000BM0008;introuvable
PC09304815B0147;93048000CK0218;actuelle
PC09304815B0148;93048000BV0005;introuvable
PC09304815B0148;93048000BV0179;actuelle
PC09304815B0148;93048000BV0180;introuvable
PC09304815B0149;93048000CQ0049;actuelle
PC09304815B0151;93048000CH0162;actuelle
PC09304815B0152;93048000BG0002;actuelle
PC09304815B0152;93048000BG0003;actuelle
PC09304815B0162;93048000BL0032;actuelle
PC09304815B0167;93048000BM0172;actuelle
PC09304815B0170;93048000BM0208;actuelle
PC09304815B0174;93048000BI0020;actuelle
PC09304815B0182;930480000D0037;actuelle
PC09304815B0184;930480000F0057;introuvable
PC09304815B0185;93048000BO0094;actuelle
PC09304815B0185;93048000BO0098;actuelle
PC09304815B0185;93048000BO0097;actuelle
PC09304815B0193;93048000AP0192;actuelle
PC09304815B0195;93048000AC0138;actuelle
PC09304816B0003;93048000CJ0425;actuelle
PC09304816B0005;93048000AD0197;actuelle
PC09304816B0005;93048000AD0194;actuelle
PC09304816B0005;93048000AD0195;actuelle
PC09304816B0007;93048000AE0112;actuelle
PC09304816B0009;93048000AV0095;actuelle
PC09304816B0011;930480000J0244;actuelle
PC09304816B0011;930480000J0016;actuelle
PC09304816B0011;930480000J0220;actuelle
PC09304816B0013;93048000CG0007;actuelle
PC09304816B0013;93048000CD0452;actuelle
PC09304816B0013;93048000CD0454;actuelle
PC09304816B0014;930480000A0068;actuelle
PC09304816B0017;93048000AE0217;actuelle
PC09304816B0024;93048000CQ0232;actuelle
PC09304816B0025;930480000T0113;actuelle
PC09304816B0025;930480000T0180;introuvable
PC09304816B0025;930480000T0276;actuelle
PC09304816B0034;93048000CL0194;actuelle
PC09304816B0035;93048000CL0196;actuelle
PC09304816B0044;93048000CL0195;actuelle
PC09304816B0045;930480000V0073;actuelle
PC09304816B0046;930480000T0394;actuelle
PC09304816B0057;93048000AV0012;actuelle
PC09304816B0058;930480000C0215;actuelle
PC09304816B0059;930480000I0121;actuelle
PC09304816B0059;930480000I0118;actuelle
PC09304816B0061;93048000BI0063;actuelle
PC09304816B0062;930480000Z0202;actuelle
PC09304816B0063;93048000BR0123;actuelle
PC09304816B0065;93048000BJ0026;actuelle
PC09304816B0065;93048000BJ0028;actuelle
PC09304816B0066;93048000AV0090;actuelle
PC09304816B0068;93048000AE0138;actuelle
PC09304816B0069;93048000BL0013;actuelle
PC09304816B0069;93048000BL0014;actuelle
PC09304816B0072;930480000L0068;actuelle
PC09304816B0072;930480000L0270;actuelle
PC09304816B0074;93048000AE0120;actuelle
PC09304816B0074;93048000AE0197;ancienne
PC09304816B0074;93048000AE0198;actuelle
PC09304816B0078;93048000AH0171;actuelle
PC09304816B0079;93048000AK0079;actuelle
PC09304816B0079;93048000AK0256;actuelle
PC09304816B0079;93048000AK0258;actuelle
PC09304816B0080;93048000BT0297;ancienne
PC09304816B0080;93048000BT0299;ancienne
PC09304816B0082;93048000BE0013;actuelle
PC09304816B0082;93048000BE0014;actuelle
PC09304816B0083;93048000BC0054;actuelle
PC09304816B0088;930480000F0082;actuelle
PC09304816B0088;930480000F0083;actuelle
PC09304816B0089;93048000AU0178;actuelle
PC09304816B0094;930480000H0112;actuelle
PC09304816B0094;930480000H0146;actuelle
PC09304816B0094;930480000H0147;actuelle
PC09304816B0095;93048000AP0047;actuelle
PC09304816B0100;93048000CK0136;actuelle
PC09304816B0107;93048000BL0102;actuelle
PC09304816B0112;930480000T0138;actuelle
PC09304816B0114;93048000BK0001;actuelle
PC09304816B0117;93048000AE0261;actuelle
PC09304816B0117;93048000AE0224;actuelle
PC09304816B0122;93048000BM0061;actuelle
PC09304816B0129;93048000BO0109;introuvable
PC09304816B0129;93048000BO0333;introuvable
PC09304816B0129;93048000AJ0254;ancienne
PC09304816B0132;930480000Y0016;ancienne
PC09304816B0133;93048000BY0089;ancienne
PC09304816B0135;93048000AR0104;actuelle
PC09304816B0137;930480000X0058;actuelle
PC09304816B0137;930480000X0059;introuvable
PC09304816B0137;930480000X0060;introuvable
PC09304816B0140;930480000U0185;actuelle
PC09304816B0140;930480000U0118;ancienne
PC09304816B0141;93048000CF0004;actuelle
PC09304816B0141;93048000CF0209;actuelle
PC09304816B0144;93048000AT0049;actuelle
PC09304816B0144;93048000AT0051;actuelle
PC09304816B0144;93048000AT0052;actuelle
PC09304816B0147;93048000AX0044;actuelle
PC09304816B0149;930480000Z0144;actuelle
PC09304816B0151;930480000K0127;actuelle
PC09304816B0152;93048000BP0274;actuelle
PC09304816B0152;93048000BP0223;actuelle
PC09304816B0152;93048000BP0225;actuelle
PC09304816B0156;93048000AG0235;actuelle
PC09304816B0157;93048000AD0268;actuelle
PC09304816B0159;93048000AY0154;actuelle
PC09304816B0159;93048000AT0164;introuvable
PC09304816B0159;93048000AY0165;actuelle
PC09304816B0160;930480000V0149;actuelle
PC09304816B0161;93048000AP0021;actuelle
PC09304816B0167;93048000BO0321;actuelle
PC09304816B0172;93048000CD0312;actuelle
PC09304816B0172;93048000CD0327;actuelle
PC09304816B0172;93048000CD0328;actuelle
PC09304816B0173;93048000CJ0110;actuelle
PC09304816B0177;930480000V0215;ancienne
PC09304816B0178;93048000BG0141;actuelle
PC09304816B0179;93048000BD0039;ancienne
PC09304816B0179;93048000BD0040;ancienne
PC09304816B0179;93048000BD0081;ancienne
PC09304816B0181;930480000T0169;actuelle
PC09304816B0190;93048000AI0250;actuelle
PC09304816B0193;930480000J0342;actuelle
PC09304816B0196;93048000BT0293;actuelle
PC09304816B0199;93048000BH0151;actuelle
PC09304816B0202;93048000BK0075;actuelle
PC09304816B0203;930480000U0094;actuelle
PC09304816B0208;93048000AG0057;actuelle
PC09304816B0210;93048000CD0044;actuelle
PC09304816B0211;93048000CD0416;actuelle
PC09304816B0211;93048000CD0451;actuelle
PC09304816B0211;93048000CD0472;ancienne
PC09304816B0212;93048000BK0199;actuelle
PC09304816B0212;93048000BK0198;actuelle
PC09304816B0212;93048000BK0200;actuelle
PC09304816B0217;93048000BY0046;actuelle
PC09304816B0217;93048000BY0051;actuelle
PC09304816B0219;93048000CR0083;ancienne
PC09304816B0219;93048000CR0207;actuelle
PC09304816B0220;93048000BL0114;actuelle
PC09304816B0221;930480000S0014;actuelle
PC09304816B0222;93048000BL0097;actuelle
PC09304816B0224;93048000CM0306;actuelle
PC09304816B0226;93048000AG0049;actuelle
PC09304816B0227;93048000BQ0193;actuelle
PC09304816B0227;93048000BQ0194;actuelle
PC09304816B0228;93048000BI0089;actuelle
PC09304817B0003;93048000AS0134;actuelle
PC09304817B0006;930480000J0105;actuelle
PC09304817B0007;930480000Y0017;actuelle
PC09304817B0008;93048000AX0056;actuelle
PC09304817B0027;930480000Y0100;ancienne
PC09304817B0029;930480000A0233;actuelle
PC09304817B0029;930480000A0234;actuelle
PC09304817B0030;930480000I0153;actuelle
PC09304817B0030;930480000L0153;actuelle
PC09304817B0031;93048000BI0325;actuelle
PC09304817B0032;93048000AG0255;actuelle
PC09304817B0032;93048000AG0256;actuelle
PC09304817B0033;93048000CN0361;actuelle
PC09304817B0034;93048000BI0119;actuelle
PC09304817B0042;930480000C0115;actuelle
PC09304817B0046;93048000BH0240;actuelle
PC09304817B0051;93048000CQ0196;actuelle
PC09304817B0054;930480000V0074;actuelle
PC09304817B0055;93048000CD0242;actuelle
PC09304817B0057;930480000Z0201;actuelle
PC09304817B0063;93048000BG0035;actuelle
PC09304817B0065;93048000AK0112;actuelle
PC09304817B0066;93048000BG0075;actuelle
PC09304817B0067;930480000T0008;actuelle
PC09304817B0072;93048000CD0290;ancienne
PC09304817B0073;93048000AX0030;actuelle
PC09304817B0080;93048000AK0002;actuelle
PC09304817B0081;93048000CD0418;ancienne
PC09304817B0081;93048000CD0450;ancienne
PC09304817B0096;93048000BJ0157;actuelle
PC09304817B0096;93048000BJ0158;actuelle
PC09304817B0100;93048000BP0196;actuelle
PC09304817B0103;93048000BU0035;actuelle
PC09304817B0103;93048000BU0228;actuelle
PC09304817B0116;93048000AX0076;ancienne
PC09304817B0116;93048000AX0077;ancienne
PC09304817B0121;93048000AG0252;ancienne
PC09304817B0121;93048000AG0043;ancienne
PC09304817B0121;93048000AG0047;ancienne
PC09304817B0124;93048000BS0060;ancienne
PC09304817B0125;93048000BO0080;actuelle
PC09304817B0126;93048000AH0120;actuelle
PC09304817B0127;930480000J0161;actuelle
PC09304817B0131;93048000AE0097;actuelle
PC09304817B0136;93048000AE0060;ancienne
PC09304817B0136;93048000AE0061;actuelle
PC09304817B0136;93048000AE0233;actuelle
PC09304817B0137;93048000BK0325;actuelle
PC09304817B0137;93048000BK0061;actuelle
PC09304817B0138;930480000P0124;actuelle
PC09304817B0140;93048000AK0264;actuelle
PC09304817B0140;93048000AK0149;actuelle
PC09304817B0141;93048000BQ0199;actuelle
PC09304817B0142;93048000BQ0073;actuelle
PC09304817B0143;93048000AT0046;actuelle
PC09304817B0146;930480000E0075;actuelle
PC09304817B0146;930480000E0086;ancienne
PC09304817B0146;930480000E0076;ancienne
PC09304817B0147;93048000AT0144;actuelle
PC09304817B0149;93048000BT0013;actuelle
PC09304817B0152;93048000BT0216;actuelle
PC09304817B0154;93048000BM0013;actuelle
PC09304817B0158;93048000BS0165;actuelle
PC09304817B0160;93048000AK0023;actuelle
PC09304817B0160;93048000AK0025;actuelle
PC09304817B0160;93048000AK0220;actuelle
PC09304817B0161;93048000AY0024;actuelle
PC09304817B0162;93048000BM0205;actuelle
PC09304817B0166;930480000Z0438;actuelle
PC09304817B0167;93048000AT0214;actuelle
PC09304817B0169;93048000BF0079;actuelle
PC09304817B0172;93048000AQ0075;ancienne
PC09304817B0172;93048000AQ0078;ancienne
PC09304817B0173;93048000AP0036;actuelle
PC09304817B0173;93048000AP0297;actuelle
PC09304817B0176;93048000AT0003;actuelle
PC09304817B0178;93048000BC0054;actuelle
PC09304817B0184;93048000BI0215;actuelle
PC09304817B0184;93048000BI0014;actuelle
PC09304817B0185;930480000N0117;actuelle
PC09304817B0185;930480000N0203;actuelle
PC09304817B0188;930480000E0045;actuelle
PC09304817B0195;93048000CN0102;actuelle
PC09304817B0195;93048000CN0103;actuelle
PC09304817B0198;930480000A0233;actuelle
PC09304817B0199;93048000CK0156;actuelle
PC09304817B0200;93048000BH0264;actuelle
PC09304817B0200;93048000BH0263;actuelle
PC09304817B0203;93048000BP0036;actuelle
PC09304817B0207;930480000C0200;actuelle
PC09304817B0207;930480000C0202;actuelle
PC09304817B0208;930480000O0369;actuelle
PC09304817B0208;930480000O0366;actuelle
PC09304817B0210;930480000U0103;actuelle
PC09304817B0210;930480000U0104;actuelle
PC09304817B0222;93048000AY0052;actuelle
PC09304817B0227;93048000AK0209;actuelle
PC09304817B0227;93048000AK0125;actuelle
PC09304817B0227;93048000AK0126;actuelle
PC09304817B0229;930480000Y0100;ancienne
PC09304817B0232;93048000AY0002;actuelle
PC09304817B0234;93048000AZ0199;actuelle
PC09304818B0005;930480000O0380;actuelle
PC09304818B0007;930480000J0342;actuelle
PC09304818B0010;93048000AI0269;actuelle
PC09304818B0010;93048000AI0098;actuelle
PC09304818B0010;93048000AI0311;actuelle
PC09304818B0022;930480000J0194;actuelle
PC09304818B0024;93048000AQ0009;actuelle
PC09304818B0027;93048000BT0075;actuelle
PC09304818B0027;93048000BT0217;actuelle
PC09304818B0031;93048000BU0028;ancienne
PC09304818B0032;93048000AD0012;actuelle
PC09304818B0034;93048000AT0098;ancienne
PC09304818B0037;93048000AE0005;actuelle
PC09304818B0038;93048000BI0041;actuelle
PC09304818B0039;93048000CK0005;ancienne
PC09304818B0039;93048000CK0006;ancienne
PC09304818B0039;93048000CK0007;ancienne
PC09304818B0040;93048000CK0127;actuelle
PC09304818B0045;93048000BT0145;actuelle
PC09304818B0060;93048000BK0172;actuelle
PC09304818B0062;93048000BN0087;actuelle
PC09304818B0062;93048000BN0135;actuelle
PC09304818B0062;93048000BN0140;actuelle
PC09304818B0064;93048000CN0357;actuelle
PC09304818B0067;93048000BQ0139;actuelle
PC09304818B0068;930480000V0089;actuelle
PC09304818B0069;93048000BC0054;actuelle
PC09304818B0074;93048000BQ0136;actuelle
PC09304818B0080;93048000BK0027;actuelle
PC09304818B0085;93048000BR0114;actuelle
PC09304818B0087;93048000AI0065;actuelle
PC09304818B0087;93048000AI0066;actuelle
PC09304818B0096;93048000BI0142;actuelle
PC09304818B0100;93048000BP0059;actuelle
PC09304818B0103;930480000B0217;ancienne
PC09304818B0108;930480000D0111;actuelle
PC09304818B0118;93048000BP0224;ancienne
PC09304818B0120;93048000BV0127;actuelle
PC09304818B0123;93048000AE0053;actuelle
PC09304818B0124;93048000CH0119;actuelle
PC09304818B0125;93048000BK0163;actuelle
PC09304818B0127;93048000AZ0065;ancienne
PC09304818B0127;93048000AZ0066;ancienne
PC09304818B0127;93048000AZ0200;ancienne
PC09304818B0131;93048000BK0095;actuelle
PC09304818B0131;93048000BK0096;actuelle
PC09304818B0131;93048000BK0099;actuelle
PC09304818B0132;93048000CM0315;ancienne
PC09304818B0132;93048000CM0316;actuelle
PC09304818B0132;93048000CM0317;ancienne
PC09304818B0136;93048000BL0015;actuelle
PC09304818B0139;930480000E0169;actuelle
PC09304818B0139;930480000E0224;actuelle
PC09304818B0139;930480000E0174;actuelle
PC09304818B0156;930480000X0101;actuelle
PC09304818B0161;930480000Y0142;actuelle
PC09304818B0161;930480000Y0143;actuelle
PC09304818B0164;93048000BH0002;actuelle
PC09304818B0164;93048000BH0001;actuelle
PC09304818B0166;930480000Y0035;actuelle
PC09304818B0166;930480000Y0026;actuelle
PC09304818B0166;930480000Y0025;ancienne
PC09304818B0167;93048000AI0114;ancienne
PC09304818B0169;93048000AQ0184;ancienne
PC09304818B0170;93048000AG0161;actuelle
PC09304818B0177;93048000AC0239;actuelle
PC09304818B0180;93048000AR0238;actuelle
PC09304818B0181;93048000BU0123;actuelle
PC09304818B0185;93048000AT0202;actuelle
PC09304818B0188;93048000AY0037;actuelle
PC09304818B0190;93048000BT0127;actuelle
PC09304818B0193;93048000BR0107;actuelle
PC09304818B0193;93048000BR0235;actuelle
PC09304818B0193;93048000BR0338;actuelle
PC09304818B0195;930480000B0262;actuelle
PC09304818B0199;93048000BP0025;actuelle
PC09304818B0201;93048000BM0048;actuelle
PC09304818B0203;93048000CR0181;actuelle
PC09304818B0203;93048000CR0333;actuelle
PC09304818B0205;93048000BJ0017;actuelle
PC09304818B0206;930480000I0010;ancienne
PC09304818B0206;930480000I0009;actuelle
PC09304818B0206;930480000I0096;actuelle
PC09304818B0210;930480000K0004;actuelle
PC09304818B0210;930480000K0005;actuelle
PC09304818B0210;930480000K0008;actuelle
PC09304818B0211;93048000AZ0011;actuelle
PC09304818B0212;93048000BQ0174;actuelle
PC09304818B0213;93048000BC0054;actuelle
PC09304819B0011;93048000BH0176;actuelle
PC09304819B0020;93048000CQ0220;actuelle
PC09304819B0020;93048000CQ0223;actuelle
PC09304819B0021;93048000BH0238;ancienne
PC09304819B0023;93048000CO0122;actuelle
PC09304819B0025;93048000CH0160;actuelle
PC09304819B0028;93048000AL0150;actuelle
PC09304819B0033;93048000AI0054;ancienne
PC09304819B0037;93048000CG0109;actuelle
PC09304819B0039;93048000BH0032;actuelle
PC09304819B0040;93048000BV0015;actuelle
PC09304819B0041;930480000O0008;actuelle
PC09304819B0042;93048000CD0038;actuelle
PC09304819B0048;930480000C0148;actuelle
PC09304819B0049;930480000J0392;actuelle
PC09304819B0051;93048000CF0170;actuelle
PC09304819B0052;930480000X0066;actuelle
PC09304819B0053;93048000BV0016;actuelle
PC09304819B0059;93048000BY0017;actuelle
PC09304819B0059;93048000BY0018;ancienne
PC09304819B0059;93048000BY0019;ancienne
PC09304819B0065;93048000BP0239;actuelle
PC09304819B0066;93048000AU0163;actuelle
PC09304819B0068;93048000BZ0028;actuelle
PC09304819B0068;93048000BZ0029;actuelle
PC09304819B0068;93048000BZ0033;actuelle
PC09304819B0070;93048000AF0052;actuelle
PC09304819B0070;93048000AF0053;actuelle
PC09304819B0072;93048000BI0290;actuelle
PC09304819B0077;93048000AI0323;actuelle
PC09304819B0077;93048000AI0114;ancienne
PC09304819B0079;93048000AG0057;actuelle
PC09304819B0079;93048000AG0058;actuelle
PC09304819B0079;93048000AG0059;actuelle
PC09304819B0081;93048000AF0141;actuelle
PC09304819B0084;930480000C0043;actuelle
PC09304819B0086;93048000BK0148;actuelle
PC09304819B0087;93048000BH0266;actuelle
PC09304819B0090;93048000BI0289;actuelle
PC09304819B0092;93048000CL0104;ancienne
PC09304819B0096;93048000BH0101;actuelle
PC09304819B0096;93048000BH0100;actuelle
PC09304819B0099;93048000AX0053;actuelle
PC09304819B0107;93048000AE0012;actuelle
PC09304819B0107;93048000AE0015;actuelle
PC09304819B0110;93048000BK0065;actuelle
PC09304819B0111;93048000BQ0099;actuelle
PC09304819B0112;93048000AP0072;ancienne
PC09304819B0114;93048000BT0255;actuelle
PC09304819B0115;930480000T0202;actuelle
PC09304819B0127;93048000BJ0005;actuelle
PC09304819B0127;93048000BJ0170;actuelle
PC09304819B0130;93048000AK0265;actuelle
PC09304819B0131;930480000V0171;actuelle
PC09304819B0131;930480000V0129;actuelle
PC09304819B0132;93048000CK0147;ancienne
PC09304819B0133;93048000AR0222;actuelle
PC09304819B0137;930480000H0146;actuelle
PC09304819B0137;930480000H0147;actuelle
PC09304819B0140;930480000A0215;actuelle
PC09304819B0140;930480000A0004;actuelle
PC09304819B0141;930480000Q0096;actuelle
PC09304819B0141;930480000Q0097;actuelle
PC09304819B0142;93048000BL0075;actuelle
PC09304819B0142;93048000BL0076;ancienne
PC09304819B0143;930480000U0071;actuelle
PC09304819B0145;93048000CK0147;ancienne
PC09304819B0146;93048000CK0158;actuelle
PC09304819B0146;93048000CK0163;actuelle
PC09304819B0150;93048000CK0140;actuelle
PC09304819B0152;93048000BI0048;actuelle
PC09304819B0158;93048000BL0008;actuelle
PC09304819B0158;93048000BL0009;actuelle
PC09304819B0163;93048000BR0064;actuelle
PC09304819B0169;93048000BQ0209;actuelle
PC09304819B0172;930480000V0022;actuelle
PC09304819B0185;93048000AE0053;actuelle
PC09304819B0187;93048000BL0165;actuelle
PC09304819B0187;93048000BL0166;actuelle
PC09304819B0194;93048000AY0014;actuelle
PC09304819B0197;93048000BH0098;actuelle
PC09304819B0198;93048000AE0146;actuelle
PC09304819B0200;93048000AL0080;actuelle
PC09304819B0201;93048000AY0001;actuelle
PC09304819B0204;93048000CG0259;actuelle
PC09304819B0205;93048000BF0216;actuelle
PC09304819B0205;93048000BF0217;actuelle
PC09304820B0008;93048000BT0085;actuelle
PC09304820B0010;930480000Y0204;ancienne
PC09304820B0014;93048000OY0214;introuvable
PC09304820B0015;930480000J0199;actuelle
PC09304820B0021;93048000AR0141;actuelle
PC09304820B0022;93048000BL0017;actuelle
PC09304820B0030;930480000D0095;actuelle
PC09304820B0030;930480000D0094;actuelle
PC09304820B0031;93048000AY0058;actuelle
PC09304820B0031;93048000AY0059;actuelle
PC09304820B0031;93048000AY0060;ancienne
PC09304820B0036;93048000AP0362;actuelle
PC09304820B0036;93048000AP0349;ancienne
PC09304820B0038;93048000CH0284;actuelle
PC09304820B0038;93048000CH0048;actuelle
PC09304820B0038;93048000CH0047;actuelle
PC09304820B0043;93048000AE0284;ancienne
PC09304820B0059;93048000BP0104;actuelle
PC09304820B0062;93048000BI0089;actuelle
PC09304820B0063;930480000C0220;ancienne
PC09304820B0065;930480000C0191;actuelle
PC09304820B0065;930480000C0075;actuelle
PC09304820B0066;93048000BP0078;actuelle
PC09304820B0071;93048000BT0213;actuelle
PC09304820B0078;93048000CQ0211;actuelle
PC09304820B0079;93048000AX0002;actuelle
PC09304820B0079;93048000AX0003;actuelle
PC09304820B0079;93048000AX0104;actuelle
PC09304820B0080;93048000BU0050;actuelle
PC09304820B0081;93048000BP0011;actuelle
PC09304820B0091;93048000BI0034;actuelle
PC09304820B0091;93048000BI0248;actuelle
PC09304820B0091;93048000BI0278;introuvable
PC09304820B0095;93048000BR0159;actuelle
PC09304820B0095;93048000BR0160;actuelle
PC09304820B0105;930480000K0075;actuelle
PC09304820B0107;93048000BY0078;actuelle
PC09304820B0107;93048000BY0150;actuelle
PC09304820B0109;93048000CN0163;actuelle
PC09304820B0109;93048000CN0161;actuelle
PC09304820B0109;93048000CN0168;actuelle
PC09304820B0124;93048000AG0197;actuelle
PC09304820B0130;930480000U0023;actuelle
PC09304820B0131;93048000AT0124;actuelle
PC09304820B0133;930480000K0050;actuelle
PC09304820B0135;93048000AD0037;actuelle
PC09304820B0136;930480000Q0175;actuelle
PC09304820B0143;93048000AI0057;ancienne
PC09304820B0145;930480000T0117;actuelle
PC09304820B0152;93048000AL0166;actuelle
PC09304820B0155;93048000BP0104;actuelle
PC09304820B0156;930480000Y0199;ancienne
PC09304820B0156;930480000Y0195;ancienne
PC09304820B0156;930480000Y0196;ancienne
PC09304820B0158;93048000AS0047;actuelle
PC09304820B0162;93048000AE0280;actuelle
PC09304820B0164;930480000T0155;actuelle
PC09304820B0168;93048000AQ0042;actuelle
PC09304820B0174;930480000C0038;actuelle
PC09304821B0001;93048000AD0294;actuelle
PC09304821B0001;93048000AD0174;actuelle
PC09304821B0001;93048000AD0295;actuelle
PC09304821B0004;93048000CK0023;actuelle
PC09304821B0004;93048000CK0024;actuelle
PC09304821B0004;93048000CK0201;actuelle
PC09304821B0021;930480000C0114;actuelle
PC09304821B0022;93048000AC0114;actuelle
PC09304821B0025;930480000C0046;ancienne
PC09304821B0028;930480000H0147;actuelle
PC09304821B0028;930480000H0146;actuelle
PC09304821B0029;930480000Z0033;actuelle
PC09304821B0033;930480000U0071;actuelle
PC09304821B0037;93048000BU0236;actuelle
PC09304821B0039;930480000C0134;actuelle
PC09304821B0041;93048000AP0306;actuelle
PC09304821B0042;93048000AP0091;actuelle
PC09304821B0046;93048000AL0117;introuvable
PC09304821B0046;93048000AL0119;introuvable
PC09304821B0046;93048000AL0238;introuvable
PC09304821B0047;93048000AT0098;ancienne
PC09304821B0051;93048000BT0068;actuelle
PC09304821B0055;930480000T0110;ancienne
PC09304821B0056;93048000BR0031;actuelle
PC09304821B0057;93048000BT0308;actuelle
PC09304821B0058;93048000BU0114;actuelle
PC09304821B0061;93048000BL0048;actuelle
PC09304821B0061;93048000BL0044;ancienne
PC09304821B0063;93048000BJ0111;actuelle
PC09304821B0068;930480000K0111;actuelle
PC09304821B0068;930480000J0157;actuelle
PC09304821B0068;930480000J0205;actuelle
PC09304821B0074;93048000CD0068;actuelle
PC09304821B0074;93048000CD0218;actuelle
PC09304821B0074;93048000CD0476;actuelle
PC09304821B0076;93048000AY0026;ancienne
PC09304821B0078;930480000E0078;ancienne
PC09304821B0078;930480000E0079;ancienne
PC09304821B0078;930480000E0080;ancienne
PC09304821B0086;930480000U0047;actuelle
PC09304821B0090;93048000AT0144;actuelle
PC09304821B0092;93048000BO0364;actuelle
PC09304821B0099;93048000AT0098;ancienne
PC09304821B0099;93048000AT0099;actuelle
PC09304821B0101;93048000CR0106;actuelle
PC09304821B0102;930480000E0066;ancienne
PC09304821B0102;930480000E0361;actuelle
PC09304821B0102;930480000E0067;ancienne
PC09304821B0110;93048000BT0023;actuelle
PC09304821B0110;93048000BT0024;actuelle
PC09304821B0110;93048000BT0025;actuelle
PC09304821B0113;93048000CE0221;actuelle
PC09304821B0118;930480000V0194;actuelle
PC09304821B0133;93048000AY0012;actuelle
PC09304821B0134;930480000U0064;actuelle
PC09304821B0134;930480000U0154;actuelle
PC09304821B0144;930480000C0226;actuelle
PC09304821B0145;930480000T0272;actuelle
PC09304821B0146;93048000AQ0112;actuelle
PC09304821B0148;930480000O0086;actuelle
PC09304821B0154;930480000Y0380;actuelle
PC09304821B0154;930480000Y0383;actuelle
PC09304821B0154;930480000Y0386;actuelle
PC09304821B0158;93048000CR0339;actuelle
PC09304821B0158;93048000CR0341;actuelle
PC09304821B0160;93048000BI0192;actuelle
PC09304821B0162;930480000P0112;actuelle
PC09304821B0166;930480000C0114;actuelle
PC09304821B0173;93048000BI0204;actuelle
PC09304821B0181;93048000CK0084;actuelle
PC09304821B0182;93048000BE0071;actuelle
PC09304821B0186;93048000AH0171;actuelle
PC09304821B0188;930480000Z0227;actuelle
PC09304821B0189;93048000CK0222;actuelle
PC09304821B0192;930480000T0363;actuelle
PC09304821B0195;930480000I0058;actuelle
PC09304821B0197;93048000BF0078;actuelle
PC09304821B0197;93048000BF0079;actuelle
PC09304821B0198;93048000AE0072;actuelle
PC09304821B0198;93048000AE0244;actuelle
PC09304821B0198;93048000AE0268;actuelle
PC09304821B0199;93048000AT0124;actuelle
PC09304821B0201;93048000BQ0153;ancienne
PC09304821B0206;93048000AI0106;actuelle
PC09304821B0211;93048000BY0036;ancienne
PC09304821B0213;93048000CD0479;ancienne
PC09304821B0213;93048000CD0480;ancienne
PC09304821B0214;93048000AT0210;actuelle
PC09304821B0215;93048000AU0163;actuelle
PC09304821B0216;93048000BO0093;actuelle
PC09304821B0219;93048000CR0198;actuelle
PC09304821B0221;93048000BL0032;actuelle
PC09304821B0222;93048000AL0123;actuelle
PC09304821B0222;93048000AL0037;actuelle
PC09304821B0225;93048000CL0145;ancienne
PC09304821B0226;93048000CG0232;actuelle
PC09304821B0226;93048000CG0233;actuelle
PC09304821B0227;93048000AK0269;actuelle
PC09304821B0233;930480000J0306;ancienne
PC09304821B0241;93048000BU0029;actuelle
PC09304821B0241;93048000BU0030;ancienne
PC09304822B0023;93048000AD0086;ancienne
PC09304822B0025;93048000BS0096;actuelle
PC09304822B0028;93048000BJ0211;actuelle
PC09304822B0035;930480000I0046;actuelle
PC09304822B0043;93048000CJ0082;ancienne
PC09304822B0044;93048000CJ0082;ancienne
PC09304822B0045;93048000CJ0082;ancienne
PC09304822B0046;93048000BI0065;ancienne
PC09304822B0047;93048000BP0012;actuelle
PC09304822B0054;93048000AT0194;actuelle
PC09304822B0054;93048000AT0131;actuelle
PC09304822B0055;930480000C0046;ancienne
PC09304822B0059;93048000BK0017;actuelle
PC09304822B0059;93048000BK0019;actuelle
PC09304822B0070;930480000Y0151;actuelle
PC09304822B0070;930480000Y0150;actuelle
PC09304822B0073;93048000AI0032;ancienne
PC09304822B0079;930480000I0010;ancienne
PC09304822B0081;93048000BU0119;actuelle
PC09304822B0082;93048000CO0024;ancienne
PC09304822B0082;93048000CO0025;ancienne
PC09304822B0083;93048000AF0255;actuelle
PC09304822B0083;93048000AF0256;actuelle
PC09304822B0084;930480000C0024;ancienne
PC09304822B0091;93048000BR0218;actuelle
PC09304822B0093;93048000BG0084;actuelle
PC09304822B0093;93048000BG0085;actuelle
PC09304822B0094;93048000AG0050;actuelle
PC09304822B0095;93048000AD0086;ancienne
PC09304822B0096;93048000AQ0360;actuelle
PC09304822B0097;93048000AD0086;ancienne
PC09304822B0108;93048000AE0135;actuelle
PC09304822B0112;93048000BL0122;actuelle
PC09304822B0115;930480000Y0034;actuelle
PC09304822B0118;93048000AI0262;ancienne
PC09304822B0119;93048000AS0194;actuelle
PC09304822B0119;93048000AS0197;actuelle
PC09304822B0121;93048000BO0058;actuelle
PC09304822B0122;93048000BG0203;introuvable
PC09304822B0126;93048000BL0152;actuelle
PC09304822B0127;93048000AF0136;actuelle
PC09304822B0130;930480000T0274;actuelle
PC09304822B0138;93048000AK0163;actuelle
PC09304822B0144;93048000AP0029;actuelle
PC09304822B0145;93048000BV0004;actuelle
PC09304822B0152;93048000CH0315;actuelle
PC09304822B0152;93048000CH0313;actuelle
PC09304822B0152;93048000CH0317;actuelle
PC09304822B0157;93048000CK0023;actuelle
PC09304822B0157;93048000CK0024;actuelle
PC09304822B0158;930480000L0172;actuelle
PC09304822B0165;93048000BG0166;actuelle
PC09304822B0166;930480000D0262;ancienne
PC09304822B0166;930480000D0261;ancienne
PC09304822B0172;93048000CM0246;actuelle
PC09304822B0172;93048000CM0248;actuelle
PC09304822B0173;93048000AS0024;actuelle
PC09304822B0175;930480000T0137;actuelle
PC09304822B0179;930480000S0169;ancienne
PC09304822B0196;93048000BQ0155;actuelle
PC09304822B0201;93048000BN0062;actuelle
PC09304822B0202;930480000O0213;actuelle
PC09304822B0202;930480000O0314;actuelle
PC09304822B0202;93048000000405;introuvable
PC09304822B0203;93048000AQ0400;actuelle
PC09304822B0205;930480000P0001;actuelle
PC09304822B0206;93048000BL0180;actuelle
PC09304822B0213;93048000CD0028;actuelle
PC09304822B0220;93048000CQ0341;actuelle
PC09304823B0002;930480000S0169;ancienne
PC09304823B0005;93048000AG0021;actuelle
PC09304823B0013;930480000E0173;actuelle
PC09304823B0019;93048000SN0197;introuvable
PC09304823B0019;93048000SN0191;introuvable
PC09304823B0020;93048000AU0163;actuelle
PC09304823B0027;93048000AE0078;actuelle
PC09304823B0027;93048000AE0257;actuelle
PC09304823B0030;93048000BQ0290;actuelle
PC09304823B0030;93048000BQ0063;ancienne
PC09304823B0031;93048000BQ0063;ancienne
PC09304823B0032;930480000T0137;actuelle
PC09304823B0033;93048000BY0096;actuelle
PC09304823B0035;93048000BJ0005;actuelle
PC09304823B0035;93048000BJ0170;actuelle
PC09304823B0037;930480000T0023;actuelle
PC09304823B0041;930480000B0242;actuelle
PC09304823B0044;93048000CF0007;actuelle
PC09304823B0048;93048000AQ0050;actuelle
PC09304823B0053;930480000Q0020;actuelle
PC09304823B0057;93048000BN0139;actuelle
PC09304823B0059;930480000Y0314;actuelle
PC09304823B0059;930480000Y0313;actuelle
PC09304823B0062;930480000E0442;actuelle
PC09304823B0062;930480000E0160;ancienne
PC09304823B0069;93048000AG0042;actuelle
PC09304823B0069;93048000AG0246;actuelle
PC09304823B0070;930480000T0112;actuelle
PC09304823B0072;930480000D0094;actuelle
PC09304823B0072;930480000D0095;actuelle
PC09304823B0075;93048000BF0031;actuelle
PC09304823B0079;930480000X0016;actuelle
PC09304823B0080;930480000X0264;actuelle
PC09304823B0080;930480000X0404;actuelle
PC09304823B0083;930480000R0145;actuelle
PC09304823B0091;930480000T0048;actuelle
PC09304823B0092;930480000K0180;actuelle
PC09304823B0092;930480000K0193;actuelle
PC09304823B0098;93048000BK0275;actuelle
PC09304823B0105;93048000AT0128;actuelle
PC09304823B0107;930480000M0116;ancienne
PC09304823B0107;930480000M0117;ancienne
PC09304823B0117;93048000BT0268;actuelle
PC09304823B0118;93048000AH0077;actuelle
PC09304823B0119;93048000AP0305;actuelle
PC09304823B0123;93048000BP0019;ancienne
PC09304823B0124;930480000E0160;ancienne
PC09304823B0129;93048000AP0363;actuelle
PC09304823B0131;93048000BR0112;actuelle
PC09304823B0138;93048000BH0137;actuelle
PC09304823B0141;930480000X0141;actuelle
PC09304823B0146;93048000AJ0056;actuelle
PC09304823B0146;93048000AJ0057;actuelle
PC09304823B0147;93048000AU0163;actuelle
PC09304823B0151;93048000010036;introuvable
PC09304823B0151;93048000BY0036;ancienne
PC09304823B0154;93048000BU0245;actuelle
PC09304823B0155;93048000AD0220;actuelle
PC09304823B0160;93048000BL0082;actuelle
PC09304823B0161;93048000AU0123;actuelle
PC09304823B0161;93048000AU0078;actuelle
PC09304823B0162;93048000BY0188;ancienne
PC09304823B0162;93048000BY0066;ancienne
PC09304823B0164;930480000U0161;actuelle
PC09304823B0164;930480000U0088;actuelle
PC09304824B0005;93048000CF0126;actuelle
PC09304824B0017;930480000M0177;actuelle
PC09304824B0017;930480000M0303;actuelle
PC09304824B0017;930480000M0175;introuvable
PC09304824B0022;93048000BS0099;actuelle
PC09304824B0024;93048000GC0254;introuvable
PC09304824B0024;93048000CG0254;actuelle
PC09304824B0027;93048000BR0005;actuelle
PC09304824B0030;93048000BK0275;actuelle
PC09304824B0033;93048000AT0113;actuelle
PC09304824B0041;93048000BP0094;actuelle
PC09304824B0043;93048000AE0061;actuelle
PC09304824B0043;93048000AE0294;actuelle
PC09304824B0046;93048000AS0028;actuelle
PC09304824B0046;93048000AS0029;actuelle
PC09304824B0052;93048000BU0111;actuelle
PC09304824B0052;93048000BU0112;actuelle
PC09304824B0055;93048000CO0123;actuelle
PC09304824B0055;93048000CO0168;actuelle
PC09304824B0056;93048000CO0168;actuelle
PC09304824B0056;93048000CO0123;actuelle
PC09304824B0057;930480000S0183;actuelle
PC09304824B0062;930480000M0049;actuelle
PC09304824B0063;93048000CD0431;actuelle
PC09304824B0063;93048000CD0432;actuelle
PC09304824B0067;930480000M0301;actuelle
PC09304824B0067;930480000M0198;actuelle
PC09304824B0068;930480000N0010;actuelle
PC09304824B0070;93048000AK0094;actuelle
PC09304824B0073;93048000BQ0001;actuelle
PC09304824B0075;93048000AC0239;actuelle
PC09304824B0084;930480000S0055;actuelle
PC09304824B0084;930480000S0056;actuelle
PC09304824B0084;930480000S0139;actuelle
PC09304824B0089;930480000X0066;actuelle
PC09304824B0090;930480000T0134;actuelle
PC09304824B0092;93048000AP0352;actuelle
PC09304824B0092;93048000AP0353;actuelle
PC09304824B0095;93048000AE0077;actuelle
PC09304824B0101;93048000AE0017;actuelle
PC09304824B0107;93048000BD0046;actuelle
PC09304824B0107;93048000BD0048;actuelle
PC09304824B0107;93048000BD0049;actuelle
PC09304824B0109;93048000AT0139;actuelle
PC09304824B0109;93048000AT0140;actuelle
PC09304824B0109;93048000AT0136;actuelle
PC09304824B0114;93048000BM0002;actuelle
PC09304824B0116;93048000BU0063;actuelle
PC09304824B0119;93048000AZ0011;actuelle
PC09304824B0120;93048000BP0136;actuelle
PC09304824B0124;930480000K0156;actuelle
PC09304824B0127;93048000AT0043;actuelle
PC09304824B0130;930480000U0167;ancienne
PC09304824B0132;930480000Y0209;actuelle
PC09304824B0134;93048000BI0161;actuelle
PC09304824B0137;93048000CO0123;actuelle
PC09304824B0137;93048000CO0168;actuelle
PC09304824B0138;93048000CO0168;actuelle
PC09304824B0138;93048000CO0123;actuelle
PC09304824B0139;93048000BG0117;actuelle
PC09304824B0140;93048000AI0339;actuelle
PC09304824B0141;93048000AP0270;actuelle
PC09304824B0142;930480000J0376;actuelle
PC09304824B0143;930480000U0048;actuelle
PC09304824B0146;930480000T0009;actuelle
PC09304824B0147;930480000V0171;actuelle
PC09304824B0147;930480000V0129;actuelle
PC09304824B0148;93048000BH0046;actuelle
PC09304824B0148;93048000BH0045;actuelle
PC09304824B0150;93048000AG0077;actuelle
PC09304824B0150;93048000AG0076;actuelle
PC09304824B0150;93048000AG0155;actuelle
PC09304825B0003;93048000CR0102;actuelle
PC09304825B0003;93048000CR0103;actuelle
PC09304825B0006;93048000CK0208;actuelle
PC09304825B0010;93048000AZ0161;actuelle
PC09304825B0010;93048000AZ0176;actuelle
PC09304825B0010;93048000AZ0179;actuelle
PC09304825B0014;93048000AI0106;actuelle
PC09304825B0015;93048000AI0339;actuelle
PC09304825B0018;93048000AE0307;actuelle
PC09304825B0018;93048000AE0308;actuelle
PC09304825B0018;93048000AE0284;ancienne
PC09304825B0020;93048000AT0156;actuelle
PC09304825B0020;93048000AT0155;actuelle
PC09304825B0026;930480000Y0135;actuelle
PC09304825B0039;930480000K0154;actuelle
PC09304825B0045;93048000BK0080;actuelle
PC09304825B0048;93048000AT0099;actuelle
PC09304825B0048;93048000AT0230;actuelle
PC09304825B0052;930480000K0204;actuelle
PC09304825B0053;93048000AP0001;actuelle
PC09304825B0068;93048000CR0001;introuvable
PC09304825B0072;93048000BN0082;actuelle
PC09304825B0072;93048000BN0139;actuelle
PC09304825B0074;93048000AV0031;actuelle
PC09304825B0077;930480000T0117;actuelle
PC09304825B0078;93048000BO0341;actuelle
PC09304825B0078;93048000BO0324;actuelle
PC09304825B0078;93048000BO0308;actuelle
PC09304825B0079;930480000T0117;actuelle
PC09304825B0081;930480000P0056;actuelle
PC09304825B0084;930480000J0105;actuelle
PC09304825B0088;93048000CH0256;actuelle
PC09304825B0101;93048000BK0062;actuelle
PC09304825B0103;930480000C0247;actuelle
PC09304825B0112;930480000X0131;actuelle
PC09304825B0126;930480000N0233;introuvable
PC09304825B0126;930480000N0235;introuvable
PC09304825B0128;93048000AY0084;actuelle
PC09304825B0132;93048000AD0115;actuelle
PC09304825B0133;930480000J0047;actuelle
PC09304826B0003;93048000CQ0214;actuelle
PC09304826B0003;93048000CQ0215;actuelle
PC09304826B0012;93048000BL0180;actuelle
PC09304826B0013;93048000AC0241;actuelle
PC09304826B0026;930480000C0282;actuelle
PC09304826B0037;93048000BI0251;actuelle
PC09304826B0047;93048000AV0019;actuelle
PC09304826B0049;93048000AV0115;actuelle
PC09304826B0063;93048000AT0092;actuelle
PA09304820B0003;93048000BZ0402;actuelle
PA09304820B0003;93048000BZ0329;actuelle
PA09304820B0003;93048000BZ0288;actuelle
DP09304812B0259;93048000BJ0085;actuelle
DP09304813B0020;93048000AT0070;introuvable
DP09304813B0021;93048000BM0026;actuelle
DP09304813B0066;930480000P0062;actuelle
DP09304813B0138;93048000AS0047;actuelle
DP09304813B0153;93048000BT0025;actuelle
DP09304813B0153;93048000BT0024;actuelle
DP09304813B0153;93048000BT0023;actuelle
DP09304813B0227;93048000AS0047;actuelle
DP09304813B0228;93048000AS0047;actuelle
DP09304813B0229;93048000AS0047;actuelle
DP09304813B0230;93048000AS0047;actuelle
DP09304813B0245;93048000AG0265;actuelle
DP09304813B0255;930480000P0062;actuelle
DP09304813B0322;930480000E0131;actuelle
DP09304813B0330;93048000AG0021;actuelle
DP09304813B0343;93048000AP0006;ancienne
DP09304813B0369;93048000BK0025;actuelle
DP09304813B0391;93048000BF0191;actuelle
DP09304813B0401;93048000BT0025;actuelle
DP09304813B0401;93048000BT0024;actuelle
DP09304813B0401;93048000BT0023;actuelle
DP09304813B0403;93048000BH0234;actuelle
DP09304813B0403;93048000BH0237;actuelle
DP09304814B0006;93048000BL0154;actuelle
DP09304814B0014;93048000AK0220;actuelle
DP09304814B0036;930480000U0057;actuelle
DP09304814B0054;93048000BL0154;actuelle
DP09304814B0076;93048000BU0043;actuelle
DP09304814B0130;93048000AE0088;actuelle
DP09304814B0142;93048000BU0073;actuelle
DP09304814B0171;93048000BU0073;actuelle
DP09304814B0172;93048000BU0073;actuelle
DP09304814B0220;93048000BH0119;actuelle
DP09304814B0285;93048000AY0120;ancienne
DP09304814B0295;93048000BU0163;actuelle
DP09304814B0311;93048000AU0046;actuelle
DP09304814B0311;93048000AU0045;actuelle
DP09304814B0342;93048000AB0104;actuelle
DP09304814B0359;93048000AT0180;actuelle
DP09304814B0393;93048000CE0267;actuelle
DP09304814B0405;93048000BK0098;actuelle
DP09304814B0418;930480000Y0188;actuelle
DP09304814B0418;930480000Y0183;actuelle
DP09304814B0418;930480000Y0189;actuelle
DP09304814B0420;93048000AE0260;actuelle
DP09304814B0444;930480000J0105;actuelle
DP09304815B0013;930480000U0005;actuelle
DP09304815B0015;93048000AG0057;actuelle
DP09304815B0027;93048000BS0147;actuelle
DP09304815B0057;93048000CR0099;actuelle
DP09304815B0059;93048000AP0325;actuelle
DP09304815B0068;93048000BU0043;actuelle
DP09304815B0113;93048000AE0260;actuelle
DP09304815B0135;93048000BQ0064;actuelle
DP09304815B0212;93048000BK0075;actuelle
DP09304815B0228;93048000BQ0220;actuelle
DP09304815B0325;93048000AE0260;actuelle
DP09304815B0398;93048000CM0282;actuelle
DP09304816B0036;93048000BV0005;introuvable
DP09304816B0053;93048000BP0036;actuelle
DP09304816B0059;93048000AE0088;actuelle
DP09304816B0089;93048000BP0104;actuelle
DP09304816B0111;93048000BJ0207;actuelle
DP09304816B0122;93048000AG0265;actuelle
DP09304816B0143;93048000BM0083;actuelle
DP09304816B0199;93048000BP0041;actuelle
DP09304816B0273;93048000BK0075;actuelle
DP09304816B0284;93048000AK0162;actuelle
DP09304816B0316;93048000BG0035;actuelle
DP09304816B0328;93048000AY0120;ancienne
DP09304816B0393;93048000AY0037;actuelle
DP09304816B0408;93048000BL0170;ancienne
DP09304816B0425;93048000AY0265;actuelle
DP09304817B0002;93048000AZ0011;actuelle
DP09304817B0023;93048000BM0083;actuelle
DP09304817B0067;93048000BT0216;actuelle
DP09304817B0069;930480000D0095;actuelle
DP09304817B0090;93048000BT0066;actuelle
DP09304817B0117;93048000BM0083;actuelle
DP09304817B0144;93048000AK0321;introuvable
DP09304817B0152;93048000BE0064;actuelle
DP09304817B0160;93048000BH0234;actuelle
DP09304817B0160;93048000BH0237;actuelle
DP09304817B0181;93048000BO0321;actuelle
DP09304817B0183;930480000J0194;actuelle
DP09304817B0187;93048000BT0035;actuelle
DP09304817B0225;93048000BP0041;actuelle
DP09304817B0236;93048000BM0083;actuelle
DP09304817B0273;93048000BP0036;actuelle
DP09304817B0392;93048000BJ0012;actuelle
DP09304817B0419;93048000AE0100;actuelle
DP09304818B0003;93048000BK0081;actuelle
DP09304818B0007;930480000O0302;ancienne
DP09304818B0070;930480000P0109;actuelle
DP09304818B0110;930480000O0359;actuelle
DP09304818B0112;93048000BU0090;actuelle
DP09304818B0114;93048000BK0123;actuelle
DP09304818B0209;93048000BP0104;actuelle
DP09304818B0229;930480000Q0075;actuelle
DP09304818B0234;93048000BJ0093;actuelle
DP09304818B0245;930480000P0109;actuelle
DP09304818B0284;930480000P0109;actuelle
DP09304818B0317;93048000BS0130;actuelle
DP09304818B0343;93048000BM0083;actuelle
DP09304818B0348;93048000BF0092;actuelle
DP09304818B0348;93048000BF0175;actuelle
DP09304818B0348;93048000BF0184;actuelle
DP09304818B0386;930480000J0392;actuelle
DP09304818B0408;930480000M0122;actuelle
DP09304818B0408;930480000M0194;actuelle
DP09304818B0426;93048000CL0024;actuelle
DP09304818B0455;93048000CQ0298;actuelle
DP09304819B0039;93048000AL0174;actuelle
DP09304819B0043;93048000AZ0005;actuelle
DP09304819B0049;93048000BP0100;actuelle
DP09304819B0062;93048000BF0092;actuelle
DP09304819B0067;93048000BM0026;actuelle
DP09304819B0093;93048000AS0132;actuelle
DP09304819B0101;93048000BF0092;actuelle
DP09304819B0101;93048000BF0175;actuelle
DP09304819B0101;93048000BF0184;actuelle
DP09304819B0190;93048000BJ0085;actuelle
DP09304819B0199;93048000BL0170;ancienne
DP09304819B0206;93048000AE0259;actuelle
DP09304819B0260;93048000BE0064;actuelle
DP09304819B0292;93048000AQ0041;actuelle
DP09304819B0300;930480000R0004;actuelle
DP09304819B0324;93048000BK0075;actuelle
DP09304819B0342;930480000O0009;actuelle
DP09304819B0348;930480000V0150;ancienne
DP09304819B0348;930480000V0179;actuelle
DP09304819B0348;930480000U0179;actuelle
DP09304819B0403;93048000AY0173;actuelle
DP09304819B0423;93048000BT0298;actuelle
DP09304819B0423;93048000BT0300;actuelle
DP09304819B0459;93048000BF0135;actuelle
DP09304820B0015;93048000BK0025;actuelle
DP09304820B0020;93048000AS0047;actuelle
DP09304820B0101;93048000BQ0001;actuelle
DP09304820B0105;93048000BO0162;actuelle
DP09304820B0139;930480000Y0360;ancienne
DP09304820B0215;930480000R0004;actuelle
DP09304820B0258;93048000BF0092;actuelle
DP09304820B0258;93048000BF0175;actuelle
DP09304820B0258;93048000BF0184;actuelle
DP09304820B0281;93048000AS0255;actuelle
DP09304820B0348;930480000G0121;actuelle
DP09304820B0377;93048000BJ0207;actuelle
DP09304820B0386;93048000BU0208;actuelle
DP09304820B0441;93048000BJ0207;actuelle
DP09304820B0456;93048000BI0133;actuelle
DP09304821B0013;93048000AS0047;actuelle
DP09304821B0019;93048000CK0143;actuelle
DP09304821B0026;93048000BR0087;actuelle
DP09304821B0094;93048000BK0328;actuelle
DP09304821B0097;93048000BF0092;actuelle
DP09304821B0097;93048000BF0175;actuelle
DP09304821B0097;93048000BF0184;actuelle
DP09304821B0098;93048000BH0158;actuelle
DP09304821B0098;93048000BH0242;actuelle
DP09304821B0103;93048000BF0092;actuelle
DP09304821B0103;93048000BF0175;actuelle
DP09304821B0103;93048000BF0184;actuelle
DP09304821B0250;93048000AE0072;actuelle
DP09304821B0250;93048000AE0244;actuelle
DP09304821B0250;93048000AE0268;actuelle
DP09304821B0304;93048000BU0164;actuelle
DP09304821B0505;93048000CF0069;actuelle
DP09304821B0519;93048000AC0018;actuelle
DP09304821B0519;93048000AC0032;actuelle
DP09304821B0519;93048000AC0214;actuelle
DP09304821B0583;93048000BR0060;actuelle
DP09304822B0004;93048000AH0042;actuelle
DP09304822B0015;93048000BM0083;actuelle
DP09304822B0131;93048000AO0151;actuelle
DP09304822B0201;93048000BJ0012;actuelle
DP09304822B0205;930480000K0155;actuelle
DP09304822B0215;93048000AS0124;actuelle
DP09304822B0245;93048000AY0165;actuelle
DP09304822B0253;930480000I0121;actuelle
DP09304822B0253;930480000I0118;actuelle
DP09304822B0271;93048000BK0075;actuelle
DP09304822B0295;930480000V0104;actuelle
DP09304822B0336;93048000BM0083;actuelle
DP09304822B0341;930480000Q0075;actuelle
DP09304822B0341;930480000Q0207;actuelle
DP09304822B0349;93048000AY0173;actuelle
DP09304822B0422;93048000AV0175;actuelle
DP09304822B0430;93048000AD0156;actuelle
DP09304822B0434;93048000AJ0221;actuelle
DP09304822B0438;93048000BP0014;actuelle
DP09304822B0459;93048000BJ0164;actuelle
DP09304822B0480;93048000AY0154;actuelle
DP09304822B0510;930480000V0160;actuelle
DP09304822B0526;93048000BR0327;actuelle
DP09304823B0026;93048000AT0036;actuelle
DP09304823B0094;93048000BM0108;actuelle
DP09304823B0207;93048000AY0154;actuelle
DP09304823B0222;93048000AF0305;ancienne
DP09304823B0247;93048000AF0305;ancienne
DP09304823B0285;930480000B0052;actuelle
DP09304823B0313;93048000AK0065;actuelle
DP09304823B0342;93048000BG0082;actuelle
DP09304823B0416;93048000AD0156;actuelle
DP09304823B0442;93048000AS0047;actuelle
DP09304823B0477;93048000CI0066;actuelle
DP09304823B0490;930480000C0271;actuelle
DP09304823B0490;930480000C0024;ancienne
DP09304824B0002;93048000BU0110;actuelle
DP09304824B0015;93048000AR0116;actuelle
DP09304824B0052;93048000BO0323;actuelle
DP09304824B0076;93048000BP0090;actuelle
DP09304824B0087;93048000BU0033;actuelle
DP09304824B0116;930480000R0077;actuelle
DP09304824B0116;930480000R0201;actuelle
DP09304824B0122;93048000BF0092;actuelle
DP09304824B0122;93048000BF0175;actuelle
DP09304824B0124;93048000AV0144;actuelle
DP09304824B0140;930480000N0034;ancienne
DP09304824B0141;930480000E0195;actuelle
DP09304824B0155;93048000BU0110;actuelle
DP09304824B0164;930480000B0132;actuelle
DP09304824B0167;930480000P0056;actuelle
DP09304824B0255;93048000BP0014;actuelle
DP09304824B0264;93048000BH0158;actuelle
DP09304824B0264;93048000BH0242;actuelle
DP09304824B0275;93048000AG0285;actuelle
DP09304824B0309;930480000Y0075;actuelle
DP09304824B0315;93048000CL0071;actuelle
DP09304824B0336;93048000AH0187;actuelle
DP09304824B0385;93048000BM0048;actuelle
DP09304824B0424;93048000CL0104;ancienne
DP09304824B0452;93048000AE0262;actuelle
DP09304824B0464;93048000BI0095;actuelle
DP09304824B0491;93048000AE0262;actuelle
DP09304824B0498;93048000AE0138;actuelle
DP09304824B0509;93048000AD0131;actuelle
DP09304824B0509;93048000AD0130;actuelle
DP09304824B0511;930480000P0102;actuelle
DP09304824B0554;93048000BK0353;actuelle
DP09304824B0564;93048000AE0304;actuelle
DP09304824B0564;93048000AE0108;actuelle
DP09304825B0051;93048000CI0067;actuelle
DP09304825B0084;93048000BP0024;actuelle
DP09304825B0084;93048000BP0028;actuelle
DP09304825B0113;93048000AP0161;actuelle
DP09304825B0160;93048000AY0088;actuelle
DP09304825B0204;93048000AU0118;actuelle
DP09304825B0218;93048000BH0049;actuelle
DP09304825B0229;930480000V0150;ancienne
DP09304825B0260;93048000AH0027;actuelle
DP09304825B0374;93048000AY0088;actuelle
DP09304825B0409;93048000AQ0346;actuelle
DP09304825B0423;93048000BG0035;actuelle
DP09304825B0446;93048000AE0262;actuelle
DP09304825B0455;93048000AY0088;actuelle
DP09304825B0467;930480000U0049;actuelle
DP09304825B0472;93048000CK0146;actuelle
DP09304825B0484;93048000BY0225;actuelle
DP09304825B0500;93048000AP0049;actuelle
DP09304825B0505;93048000BR0063;actuelle
DP09304825B0516;93048000AF0017;actuelle
DP09304825B0554;93048000AV0151;actuelle
DP09304826B0043;93048000AP0327;actuelle
DP09304826B0121;930480000Q0008;actuelle
DP09304826B0143;93048000BK0345;actuelle
DP09304826B0143;93048000BK0381;actuelle
DP09304826B0199;93048000BG0124;actuelle
DP09304826B0227;930480000U0002;actuelle
DP09304826B0283;93048000AB0140;actuelle
DP09304826B0286;93048000CG0001;introuvable
DP09304826B0311;93048000BR0132;actuelle
DP09304826B0311;93048000BR0320;actuelle
DP09304826B0353;93048000BY0078;actuelle
DP09304826B0353;93048000BY0150;actuelle
DP09304826B0358;93048000AL0047;actuelle
PC09304812B0180;930480000J0296;introuvable
PC09304812B0180;930480000J0387;actuelle
PC09304812B0180;930480000J0386;introuvable
PC09304812B0193;93048000CE0272;introuvable
PC09304812B0215;93048000BH0098;actuelle
PC09304812B0218;93048000AC0214;actuelle
PC09304812B0218;93048000AC0218;actuelle
PC09304812B0218;93048000AC0032;actuelle
PC09304812B0235;93048000AV0073;introuvable
PC09304812B0240;930480000V0173;actuelle
PC09304812B0243;93048000AJ0256;actuelle
PC09304812B0250;93048000AK0189;actuelle
PC09304812B0250;93048000AK0225;actuelle
PC09304812B0257;93048000AF0312;actuelle
PC09304813B0032;93048000AK0222;actuelle
PC09304813B0032;93048000AK0223;actuelle
PC09304813B0032;93048000AK0224;actuelle
PC09304813B0045;930480000I0034;actuelle
PC09304813B0045;930480000I0033;actuelle
PC09304813B0045;930480000I0032;actuelle
PC09304813B0046;93048000AI0271;actuelle
PC09304813B0046;93048000AI0266;actuelle
PC09304813B0046;93048000AI0267;actuelle
PC09304813B0053;93048000BZ0465;actuelle
PC09304813B0083;93048000AX0121;actuelle
PC09304813B0086;93048000AK0018;actuelle
PC09304813B0086;93048000AK0017;actuelle
PC09304813B0090;93048000AO0203;actuelle
PC09304813B0106;93048000AS0023;actuelle
PC09304813B0157;930480000I0073;actuelle
PC09304813B0157;930480000I0071;actuelle
PC09304813B0157;930480000I0072;actuelle
PC09304814B0021;93048000AY0128;actuelle
PC09304814B0021;93048000AY0229;actuelle
PC09304814B0040;93048000BJ0028;actuelle
PC09304814B0040;93048000BJ0026;actuelle
PC09304814B0051;93048000AH0135;introuvable
PC09304814B0051;93048000AH0001;actuelle
PC09304814B0054;930480000Y0064;actuelle
PC09304814B0069;93048000AY0231;actuelle
PC09304814B0069;93048000AY0230;actuelle
PC09304814B0132;93048000AT0008;actuelle
PC09304814B0140;93048000BC0024;actuelle
PC09304814B0152;93048000BT0233;actuelle
PC09304814B0173;93048000AY0182;actuelle
PC09304814B0181;93048000BJ0130;actuelle
PC09304814B0186;93048000BO0324;actuelle
PC09304814B0198;93048000AZ0068;actuelle
PC09304814B0198;93048000AZ0071;actuelle
PC09304814B0198;93048000AZ0067;actuelle
PC09304814B0201;930480000Z0237;actuelle
PC09304814B0215;93048000AQ0237;actuelle
PC09304814B0215;93048000AQ0235;ancienne
PC09304814B0218;93048000AV0104;actuelle
PC09304815B0009;93048000AF0100;actuelle
PC09304815B0011;930480000K0087;actuelle
PC09304815B0016;930480000U0033;actuelle
PC09304815B0073;93048000AV0079;actuelle
PC09304815B0084;93048000BJ0130;actuelle
PC09304815B0097;930480000X0371;actuelle
PC09304815B0119;93048000BC0002;actuelle
PC09304815B0119;93048000BC0005;actuelle
PC09304815B0119;93048000BC0006;actuelle
PC09304815B0123;930480000D0111;actuelle
PC09304815B0123;930480000D0109;ancienne
PC09304815B0140;93048000AH0172;ancienne
PC09304815B0158;93048000BE0336;actuelle
PC09304815B0165;93048000CI0218;actuelle
PC09304815B0165;93048000CI0220;actuelle
PC09304815B0173;93048000AS0215;actuelle
PC09304815B0186;93048000AR0107;actuelle
PC09304816B0020;93048000AV0069;actuelle
PC09304816B0020;93048000AV0070;actuelle
PC09304816B0020;93048000AV0126;actuelle
PC09304816B0050;930480000N0053;actuelle
PC09304816B0050;930480000N0054;actuelle
PC09304816B0056;930480000Y0251;actuelle
PC09304816B0128;930480000E0123;actuelle
PC09304816B0128;930480000E0121;actuelle
PC09304816B0131;93048000CO0020;actuelle
PC09304816B0131;93048000CO0026;actuelle
PC09304816B0131;93048000CO0027;actuelle
PC09304816B0136;930480000R0091;actuelle
PC09304816B0143;93048000CJ0356;actuelle
PC09304816B0143;93048000CJ0423;actuelle
PC09304816B0143;93048000CJ0422;ancienne
PC09304816B0148;93048000BM0203;actuelle
PC09304816B0150;93048000AX0055;actuelle
PC09304816B0201;930480000C0123;actuelle
PC09304816B0213;930480000A0238;actuelle
PC09304816B0213;930480000A0239;actuelle
PC09304816B0215;93048000CQ0336;actuelle
PC09304816B0215;93048000CQ0293;actuelle
PC09304816B0215;93048000CQ0337;actuelle
PC09304816B0216;93048000CQ0336;actuelle
PC09304816B0216;93048000CQ0337;actuelle
PC09304817B0015;93048000BR0117;actuelle
PC09304817B0018;93048000AZ0068;actuelle
PC09304817B0018;93048000AZ0067;actuelle
PC09304817B0018;93048000AZ0069;actuelle
PC09304817B0023;93048000BH0015;actuelle
PC09304817B0023;93048000BH0018;actuelle
PC09304817B0023;93048000BH0019;actuelle
PC09304817B0058;930480000Y0344;actuelle
PC09304817B0058;930480000Y0346;actuelle
PC09304817B0071;93048000AR0115;actuelle
PC09304817B0084;930480000O0103;actuelle
PC09304817B0106;93048000BC0076;actuelle
PC09304817B0110;930480000F0073;actuelle
PC09304817B0139;93048000BG0102;actuelle
PC09304817B0139;93048000BG0103;actuelle
PC09304817B0144;93048000BP0065;actuelle
PC09304817B0145;930480000Z0293;actuelle
PC09304817B0163;93048000AR0142;actuelle
PC09304817B0192;930480000S0060;actuelle
PC09304817B0192;930480000S0059;actuelle
PC09304817B0193;93048000BZ0188;actuelle
PC09304817B0193;93048000BZ0507;actuelle
PC09304817B0194;93048000BK0183;actuelle
PC09304817B0194;93048000BK0184;ancienne
PC09304817B0194;93048000BK0297;actuelle
PC09304817B0197;930480000P0115;actuelle
PC09304817B0204;930480000T0386;actuelle
PC09304817B0206;930480000D0296;actuelle
PC09304817B0206;930480000D0297;actuelle
PC09304817B0225;93048000BQ0131;actuelle
PC09304817B0225;93048000BQ0130;actuelle
PC09304818B0006;93048000AE0291;actuelle
PC09304818B0020;93048000AZ0067;actuelle
PC09304818B0020;93048000AZ0069;actuelle
PC09304818B0020;93048000AZ0068;actuelle
PC09304818B0023;93048000BT0129;actuelle
PC09304818B0030;930480000Z0456;actuelle
PC09304818B0030;930480000Z0457;actuelle
PC09304818B0042;93048000BC0023;ancienne
PC09304818B0053;930480000Y0239;actuelle
PC09304818B0057;93048000AX0009;ancienne
PC09304818B0081;93048000AS0113;actuelle
PC09304818B0081;93048000AS0116;actuelle
PC09304818B0081;93048000AS0117;actuelle
PC09304818B0084;93048000CE0282;ancienne
PC09304818B0090;93048000CD0182;actuelle
PC09304818B0090;93048000CD0183;actuelle
PC09304818B0091;93048000AD0262;actuelle
PC09304818B0122;93048000BE0012;ancienne
PC09304818B0144;930480000F0037;actuelle
PC09304818B0144;930480000F0049;actuelle
PC09304818B0144;930480000F0060;actuelle
PC09304818B0145;930480000G0189;actuelle
PC09304818B0145;930480000H0211;ancienne
PC09304818B0172;930480000T0058;actuelle
PC09304818B0172;930480000T0059;actuelle
PC09304818B0176;93048000BH0050;actuelle
PC09304818B0184;930480000B0089;actuelle
PC09304819B0003;93048000BU0234;actuelle
PC09304819B0031;930480000S0012;actuelle
PC09304819B0036;930480000E0214;ancienne
PC09304819B0055;930480000A0237;actuelle
PC09304819B0055;930480000A0226;introuvable
PC09304819B0056;93048000BK0368;actuelle
PC09304819B0064;93048000AU0012;ancienne
PC09304819B0091;93048000AS0050;actuelle
PC09304819B0098;930480000A0237;actuelle
PC09304819B0098;930480000A0080;actuelle
PC09304819B0098;930480000A0160;actuelle
PC09304819B0101;930480000H0222;actuelle
PC09304819B0101;930480000H0052;actuelle
PC09304819B0101;930480000H0053;actuelle
PC09304819B0102;93048000AR0236;actuelle
PC09304819B0102;93048000AR0229;actuelle
PC09304819B0103;930480000X0360;actuelle
PC09304819B0103;930480000X0388;actuelle
PC09304819B0103;930480000X0196;actuelle
PC09304819B0108;93048000BI0217;actuelle
PC09304819B0108;93048000BI0218;actuelle
PC09304819B0116;930480000S0056;actuelle
PC09304819B0116;930480000S0055;actuelle
PC09304819B0116;930480000S0139;actuelle
PC09304819B0118;93048000CD0182;actuelle
PC09304819B0118;93048000CD0183;actuelle
PC09304819B0118;93048000CD0223;ancienne
PC09304819B0121;93048000BK0239;actuelle
PC09304819B0129;93048000AJ0209;actuelle
PC09304819B0129;93048000AJ0210;actuelle
PC09304819B0129;93048000AJ0213;actuelle
PC09304819B0147;93048000AV0122;actuelle
PC09304819B0153;930480000R0279;actuelle
PC09304819B0176;93048000AZ0053;actuelle
PC09304819B0186;93048000BC0002;actuelle
PC09304819B0199;93048000BV0170;actuelle
PC09304820B0004;93048000AR0089;actuelle
PC09304820B0017;93048000AN0296;actuelle
PC09304820B0017;93048000AN0293;actuelle
PC09304820B0017;93048000AN0290;actuelle
PC09304820B0041;930480000Z0007;actuelle
PC09304820B0055;930480000O0179;actuelle
PC09304820B0055;930480000O0182;actuelle
PC09304820B0058;93048000BZ0362;actuelle
PC09304820B0058;93048000BZ0561;actuelle
PC09304820B0058;93048000BZ0517;actuelle
PC09304820B0099;93048000BZ0559;actuelle
PC09304820B0099;93048000BZ0557;actuelle
PC09304820B0099;93048000BZ0555;actuelle
PC09304820B0103;93048000BM0172;actuelle
PC09304820B0106;93048000BQ0244;actuelle
PC09304820B0111;93048000AS0501;introuvable
PC09304820B0117;93048000BE0338;actuelle
PC09304820B0117;93048000BE0339;actuelle
PC09304820B0117;93048000BE0340;introuvable
PC09304820B0119;93048000BQ0051;actuelle
PC09304820B0119;93048000BQ0215;actuelle
PC09304820B0122;93048000BI0014;actuelle
PC09304820B0128;93048000CR0222;actuelle
PC09304820B0134;93048000AK0087;actuelle
PC09304821B0048;93048000AH0172;ancienne
PC09304821B0054;93048000AJ0310;actuelle
PC09304821B0103;93048000AB0105;actuelle
PC09304821B0107;930480000B0305;actuelle
PC09304821B0112;93048000BI0148;actuelle
PC09304821B0119;93048000AP0008;actuelle
PC09304821B0124;93048000BD0073;actuelle
PC09304821B0125;93048000BT0108;actuelle
PC09304821B0132;93048000BC0065;actuelle
PC09304821B0132;93048000BC0125;actuelle
PC09304821B0132;93048000BC0115;actuelle
PC09304821B0139;93048000AB0091;actuelle
PC09304821B0155;93048000AB0012;actuelle
PC09304821B0174;930480000F0075;actuelle
PC09304821B0179;93048000AD0130;actuelle
PC09304821B0179;93048000AD0131;actuelle
PC09304821B0217;93048000AV0031;actuelle
PC09304822B0004;93048000AO0128;actuelle
PC09304822B0016;93048000BO0087;actuelle
PC09304822B0069;93048000AR0236;actuelle
PC09304822B0077;93048000CE0002;ancienne
PC09304822B0100;93048000AR0236;actuelle
PC09304822B0104;93048000AS0005;actuelle
PC09304822B0105;93048000BG0101;actuelle
PC09304822B0107;93048000AJ0310;actuelle
PC09304822B0110;93048000CD0443;actuelle
PC09304822B0120;93048000BV0189;actuelle
PC09304822B0120;93048000BV0170;actuelle
PC09304822B0120;93048000BV0158;actuelle
PC09304822B0124;93048000AX0053;actuelle
PC09304822B0169;93048000CJ0332;actuelle
PC09304822B0169;93048000CJ0334;actuelle
PC09304822B0169;93048000CJ0162;actuelle
PC09304822B0180;93048000BM0059;actuelle
PC09304822B0186;93048000BZ0517;actuelle
PC09304822B0186;93048000BZ0561;actuelle
PC09304822B0200;93048000BF0038;actuelle
PC09304822B0204;93048000BE0359;actuelle
PC09304822B0204;93048000BE0047;actuelle
PC09304822B0211;93048000BL0101;actuelle
PC09304822B0212;93048000BN0108;actuelle
PC09304822B0212;93048000BN0007;actuelle
PC09304822B0216;930480000P0115;actuelle
PC09304822B0217;93048000AR0099;actuelle
PC09304823B0004;93048000BU0007;actuelle
PC09304823B0010;930480000R0227;actuelle
PC09304823B0010;930480000R0229;actuelle
PC09304823B0010;930480000R0250;actuelle
PC09304823B0026;93048000BI0132;actuelle
PC09304823B0028;93048000AS0050;actuelle
PC09304823B0036;930480000H0117;actuelle
PC09304823B0049;930480000R0279;actuelle
PC09304823B0096;93048000BI0289;actuelle
PC09304823B0101;93048000AM0213;actuelle
PC09304823B0120;93048000AD0082;actuelle
PC09304823B0120;93048000AD0230;actuelle
PC09304823B0120;93048000AD0251;actuelle
PC09304823B0122;93048000BK0205;actuelle
PC09304823B0128;93048000AZ0194;actuelle
PC09304823B0130;93048000AH0068;actuelle
PC09304823B0135;93048000AV0042;actuelle
PC09304823B0135;93048000AV0062;actuelle
PC09304823B0137;93048000AI0227;actuelle
PC09304823B0140;93048000BO0105;actuelle
PC09304823B0145;93048000AD0264;actuelle
PC09304824B0014;930480000R0284;actuelle
PC09304824B0025;930480000T0143;actuelle
PC09304824B0031;93048000CL0144;actuelle
PC09304824B0034;93048000BK0302;actuelle
PC09304824B0034;93048000BK0385;actuelle
PC09304824B0042;93048000AK0147;actuelle
PC09304824B0072;93048000BM0046;actuelle
PC09304824B0085;930480000P0031;actuelle
PC09304824B0088;93048000AB0065;actuelle
PC09304824B0088;93048000AB0246;actuelle
PC09304824B0110;93048000BD0001;actuelle
PC09304824B0110;93048000BD0002;actuelle
PC09304824B0110;93048000BD0003;actuelle
PC09304824B0122;93048000AS0123;actuelle
PC09304824B0126;93048000AY0009;actuelle
PC09304824B0126;93048000AY0011;actuelle
PC09304824B0126;93048000AY0012;actuelle
PC09304824B0131;930480000Y0066;actuelle
PC09304825B0001;930480000B0220;actuelle
PC09304825B0004;930480000L0262;actuelle
PC09304825B0012;93048000BT0287;actuelle
PC09304825B0046;93048000BL0001;actuelle
PC09304825B0046;93048000BL0082;actuelle
PC09304825B0046;93048000BL0128;actuelle
PC09304825B0063;930480000R0282;actuelle
PC09304825B0070;93048000BU0071;actuelle
PC09304825B0086;93048000BC0047;actuelle
PC09304825B0093;93048000BH0050;actuelle
PC09304825B0097;93048000BO0036;actuelle
PC09304825B0099;93048000AY0154;actuelle
PC09304825B0099;93048000AY0164;actuelle
PC09304825B0099;93048000AY0165;actuelle
PC09304825B0109;93048000CO0191;actuelle
PC09304825B0111;93048000CD0412;actuelle
PC09304825B0119;93048000AP0051;actuelle
PC09304825B0119;93048000AP0049;actuelle
PC09304825B0123;93048000BY0034;actuelle
PC09304825B0129;930480000I0089;actuelle
PC09304825B0130;930480000T0058;actuelle
PC09304825B0130;930480000T0059;actuelle
PC09304826B0007;930480000Z0018;actuelle
PC09304826B0007;930480000Z0021;actuelle
PC09304826B0010;93048000AZ0025;actuelle
PC09304826B0039;93048000AD0264;actuelle
DP09304813B0251;93048000AF0047;actuelle
DP09304814B0085;93048000BK0083;ancienne
DP09304814B0178;93048000AF0287;ancienne
DP09304814B0178;93048000AF0229;ancienne
DP09304814B0178;93048000AF0290;actuelle
DP09304814B0190;930480000X0396;actuelle
DP09304814B0190;930480000X0394;actuelle
DP09304814B0262;930480000D0095;actuelle
DP09304814B0314;93048000BF0170;actuelle
DP09304814B0335;93048000CL0048;actuelle
DP09304815B0150;93048000AR0229;actuelle
DP09304815B0209;93048000AK0219;actuelle
DP09304815B0218;93048000AV0034;actuelle
DP09304815B0250;93048000BK0053;actuelle
DP09304815B0250;93048000BK0286;actuelle
DP09304815B0255;93048000AY0154;actuelle
DP09304815B0255;93048000AY0164;actuelle
DP09304815B0255;93048000AY0165;actuelle
DP09304815B0260;930480000C0074;actuelle
DP09304815B0283;93048000BF0080;actuelle
DP09304815B0283;93048000BF0204;actuelle
DP09304815B0283;93048000BF0206;actuelle
DP09304815B0299;93048000AJ0214;actuelle
DP09304815B0322;93048000BU0032;actuelle
DP09304815B0329;93048000BG0010;actuelle
DP09304815B0329;93048000BG0015;actuelle
DP09304815B0376;93048000BO0162;actuelle
DP09304815B0392;93048000BN0049;actuelle
DP09304816B0014;93048000BK0053;actuelle
DP09304816B0014;93048000BK0286;actuelle
DP09304816B0020;93048000BF0080;actuelle
DP09304816B0020;93048000BF0204;actuelle
DP09304816B0023;93048000AS0238;actuelle
DP09304816B0032;93048000AO0265;actuelle
DP09304816B0048;93048000CI0105;actuelle
DP09304816B0139;93048000CF0096;actuelle
DP09304816B0147;93048000BO0029;actuelle
DP09304816B0147;93048000BO0030;actuelle
DP09304816B0209;93048000AK0001;actuelle
DP09304816B0225;93048000CG0096;actuelle
DP09304816B0225;93048000CG0097;actuelle
DP09304816B0250;93048000CG0004;actuelle
DP09304816B0313;93048000AY0210;actuelle
DP09304816B0369;93048000BK0053;actuelle
DP09304816B0374;93048000AV0169;actuelle
DP09304817B0083;93048000BT0075;actuelle
DP09304817B0083;93048000BT0217;actuelle
DP09304817B0083;93048000BT0216;actuelle
DP09304817B0098;93048000BZ0484;actuelle
DP09304817B0121;930480000E0002;actuelle
DP09304817B0121;930480000E0214;ancienne
DP09304817B0132;93048000AY0168;actuelle
DP09304817B0137;93048000CM0304;actuelle
DP09304817B0168;93048000AI0034;actuelle
DP09304817B0240;93048000AV0175;actuelle
DP09304817B0361;93048000BU0213;actuelle
DP09304817B0390;93048000BH0181;actuelle
DP09304817B0410;93048000AS0065;actuelle
DP09304817B0410;93048000AS0066;actuelle
DP09304817B0410;93048000AS0068;actuelle
DP09304818B0103;93048000CR0267;actuelle
DP09304818B0111;93048000BO0341;actuelle
DP09304818B0133;93048000AC0216;actuelle
DP09304818B0155;93048000BH0083;actuelle
DP09304818B0290;93048000BM0028;actuelle
DP09304818B0328;93048000BH0145;actuelle
DP09304818B0333;93048000AY0154;actuelle
DP09304818B0333;93048000AY0164;actuelle
DP09304818B0333;93048000AY0165;actuelle
DP09304818B0346;93048000BD0081;ancienne
DP09304818B0474;93048000AO0263;actuelle
DP09304818B0476;93048000BO0341;actuelle
DP09304818B0489;93048000AR0085;actuelle
DP09304819B0047;93048000BG0147;actuelle
DP09304819B0087;93048000AY0154;actuelle
DP09304819B0087;93048000AY0164;actuelle
DP09304819B0087;93048000AY0165;actuelle
DP09304819B0098;93048000AL0203;actuelle
DP09304819B0161;930480000B0054;actuelle
DP09304819B0165;930480000G0175;actuelle
DP09304819B0192;93048000BR0145;actuelle
DP09304819B0218;930480000B0219;actuelle
DP09304819B0259;93048000BT0105;actuelle
DP09304819B0280;93048000AD0208;actuelle
DP09304819B0411;93048000CQ0196;actuelle
DP09304819B0443;93048000BG0147;actuelle
DP09304819B0445;93048000AY0154;actuelle
DP09304820B0039;93048000AY0169;actuelle
DP09304820B0041;93048000BP0011;actuelle
DP09304820B0058;930480000Z0006;actuelle
DP09304820B0067;93048000AK0001;actuelle
DP09304820B0120;930480000K0182;actuelle
DP09304820B0130;93048000BQ0060;actuelle
DP09304820B0132;93048000BY0146;actuelle
DP09304820B0167;93048000BZ0141;actuelle
DP09304820B0167;93048000BZ0140;actuelle
DP09304820B0177;93048000AX0058;actuelle
DP09304820B0243;93048000BO0341;actuelle
DP09304820B0309;93048000BE0357;actuelle
DP09304821B0054;93048000AO0127;actuelle
DP09304821B0069;930480000A0059;actuelle
DP09304821B0364;93048000AJ0310;actuelle
DP09304821B0573;93048000BF0038;actuelle
DP09304821B0587;93048000AT0080;actuelle
DP09304821B0605;93048000AF0354;actuelle
DP09304821B0609;93048000BG0132;actuelle
DP09304821B0620;93048000BM0028;actuelle
DP09304821B0620;93048000BM0029;actuelle
DP09304821B0620;93048000BM0031;actuelle
DP09304821B0636;93048000BN0108;actuelle
DP09304821B0642;93048000AY0123;ancienne
DP09304822B0016;93048000AO0127;actuelle
DP09304822B0024;93048000BO0323;actuelle
DP09304822B0037;930480000G0165;actuelle
DP09304822B0094;93048000AT0089;actuelle
DP09304822B0232;93048000BF0124;actuelle
DP09304822B0278;93048000AF0125;actuelle
DP09304822B0326;93048000BO0050;actuelle
DP09304822B0331;93048000AL0207;actuelle
DP09304822B0451;93048000BC0128;actuelle
DP09304822B0452;93048000AQ0334;actuelle
DP09304822B0503;93048000AS0215;actuelle
DP09304822B0511;93048000AS0238;actuelle
DP09304822B0511;93048000AS0039;actuelle
DP09304822B0511;93048000AS0040;actuelle
DP09304822B0527;93048000BG0021;actuelle
DP09304822B0528;93048000AH0095;actuelle
DP09304822B0532;930480000T0001;actuelle
DP09304823B0038;93048000BL0129;actuelle
DP09304823B0050;93048000AZ0021;actuelle
DP09304823B0061;93048000BZ0234;actuelle
DP09304823B0061;93048000BZ0395;actuelle
DP09304823B0074;93048000BI0015;actuelle
DP09304823B0074;93048000BI0311;actuelle
DP09304823B0102;93048000CG0083;actuelle
DP09304823B0119;93048000AZ0117;actuelle
DP09304823B0119;93048000AZ0067;actuelle
DP09304823B0119;93048000AZ0068;actuelle
DP09304823B0125;93048000AD0118;actuelle
DP09304823B0144;93048000AK0084;actuelle
DP09304823B0153;930480000I0121;actuelle
DP09304823B0184;93048000CJ0108;actuelle
DP09304823B0216;93048000BT0048;actuelle
DP09304823B0254;93048000BS0179;ancienne
DP09304823B0276;930480000U0173;actuelle
DP09304823B0418;93048000BG0018;actuelle
DP09304824B0005;93048000BP0084;actuelle
DP09304824B0005;93048000BP0082;actuelle
DP09304824B0005;93048000BP0085;actuelle
DP09304824B0013;93048000AE0248;actuelle
DP09304824B0115;93048000AF0126;actuelle
DP09304824B0121;93048000CP0180;actuelle
DP09304824B0128;93048000BO0100;actuelle
DP09304824B0312;93048000BH0100;actuelle
DP09304824B0320;93048000AD0082;actuelle
DP09304824B0321;93048000AD0082;actuelle
DP09304824B0342;93048000AG0116;actuelle
DP09304824B0342;93048000AG0154;actuelle
DP09304824B0430;93048000AN0551;actuelle
DP09304824B0468;93048000BM0026;actuelle
DP09304824B0478;93048000BE0012;ancienne
DP09304824B0534;93048000AS0108;actuelle
DP09304824B0534;93048000AS0249;actuelle
DP09304824B0542;93048000BG0006;actuelle
DP09304825B0022;930480000O0086;actuelle
DP09304825B0038;93048000BV0170;actuelle
DP09304825B0048;93048000BJ0199;actuelle
DP09304825B0058;93048000AK0030;actuelle
DP09304825B0067;93048000AY0080;actuelle
DP09304825B0095;93048000AK0030;actuelle
DP09304825B0106;93048000BP0009;actuelle
DP09304825B0130;930480000M0178;actuelle
DP09304825B0261;93048000AY0154;actuelle
DP09304825B0313;93048000AT0144;actuelle
DP09304825B0315;93048000AF0263;actuelle
DP09304825B0346;93048000AM0027;actuelle
DP09304825B0346;93048000AM0028;actuelle
DP09304825B0346;93048000AM0122;actuelle
DP09304825B0359;93048000AZ0194;actuelle
DP09304825B0430;93048000BT0023;actuelle
DP09304825B0430;93048000BT0024;actuelle
DP09304825B0441;930480000P0014;actuelle
DP09304825B0480;930480000E0169;actuelle
DP09304825B0551;93048000AX0057;actuelle
DP09304826B0006;93048000BO0023;actuelle
DP09304826B0035;93048000CD0182;actuelle
DP09304826B0035;93048000CD0183;actuelle
DP09304826B0035;93048000CD0255;actuelle
DP09304826B0135;93048000AI0285;actuelle
DP09304826B0136;93048000AQ0021;actuelle
DP09304826B0156;93048000AY0058;actuelle
DP09304826B0223;93048000BH0173;actuelle
PA09304825B0001;93048000AR0229;actuelle
PA09304825B0001;93048000AR0236;actuelle
PA09304825B0001;93048000BN0015;actuelle
PA09304824B0002;930480000U0167;ancienne
PA09304824B0001;93048000AH0172;ancienne
PA09304824B0001;93048000AG0228;actuelle
PA09304824B0001;93048000AG0224;actuelle
PA09304823B0001;93048000BQ0063;ancienne
PA09304821B0002;93048000BZ0227;actuelle
PA09304821B0002;93048000BZ0228;actuelle
PA09304821B0002;93048000BZ0229;actuelle
PA09304821B0001;93048000BZ0369;actuelle
PA09304821B0001;93048000BZ0549;actuelle
PA09304821B0001;93048000BZ0552;actuelle
PA09304820B0002;93048000AT0098;ancienne
PA09304819B0002;93048000AI0114;ancienne
PA09304813B0001;93048000AV0030;introuvable
PD09304826B0027;930480000T0025;actuelle
PD09304826B0026;930480000Z0314;actuelle
PD09304826B0023;93048000BR0132;actuelle
PD09304826B0023;93048000BR0320;actuelle
PD09304826B0022;93048000CQ0265;actuelle
PD09304826B0022;93048000CQ0289;actuelle
PD09304826B0021;93048000CG0001;introuvable
PD09304826B0020;930480000J0413;actuelle
PD09304826B0018;93048000AK0100;actuelle
PD09304826B0017;93048000BM0215;actuelle
PD09304826B0016;93048000AF0196;actuelle
PD09304826B0014;93048000AU0002;actuelle
PD09304826B0013;930480000Q0008;actuelle
PD09304826B0012;93048000CE0178;actuelle
PD09304826B0011;930480000Z0241;actuelle
PD09304826B0010;93048000BG0055;actuelle
PD09304826B0009;93048000AX0013;actuelle
PD09304826B0008;93048000BN0100;actuelle
PD09304826B0007;93048000AY0016;actuelle
PD09304826B0006;930480000Z0332;actuelle
PD09304826B0005;93048000BK0226;actuelle
PD09304826B0004;93048000BK0257;actuelle
PD09304826B0003;93048000BP0068;actuelle
PD09304826B0001;93048000AY0088;actuelle
PD09304825B0042;93048000CG0051;actuelle
PD09304825B0041;93048000AR0205;actuelle
PD09304825B0039;93048000CD0412;actuelle
PD09304825B0038;93048000BR0203;actuelle
PD09304825B0037;930480000X0063;actuelle
PD09304825B0036;93048000BO0362;actuelle
PD09304825B0035;930480000M0087;actuelle
PD09304825B0034;93048000BT0023;actuelle
PD09304825B0034;93048000BT0025;actuelle
PD09304825B0033;930480000Y0181;actuelle
PD09304825B0031;93048000AQ0118;actuelle
PD09304825B0030;93048000BJ0096;actuelle
PD09304825B0029;93048000CO0191;actuelle
PD09304825B0028;93048000CP0180;actuelle
PD09304825B0027;93048000AL0184;actuelle
PD09304825B0027;93048000AL0208;actuelle
PD09304825B0027;93048000AO0259;actuelle
PD09304825B0026;93048000BK0273;actuelle
PD09304825B0025;93048000AP0073;actuelle
PD09304825B0023;93048000AC0068;actuelle
PD09304825B0022;930480000D0091;actuelle
PD09304825B0021;930480000Q0157;actuelle
PD09304825B0020;93048000CQ0057;actuelle
PD09304825B0019;93048000AI0061;actuelle
PD09304825B0018;93048000CD0128;actuelle
PD09304825B0017;930480000N0016;actuelle
PD09304825B0016;93048000BX0013;actuelle
PD09304825B0015;93048000AN0546;actuelle
PD09304825B0014;93048000AR0156;actuelle
PD09304825B0013;93048000BJ0096;actuelle
PD09304825B0010;930480000Z0466;actuelle
PD09304825B0009;93048000BP0104;actuelle
PD09304825B0008;93048000BP0154;actuelle
PD09304825B0006;930480000O0400;actuelle
PD09304825B0005;93048000BU0162;actuelle
PD09304825B0004;93048000BP0217;actuelle
PD09304825B0004;93048000BP0230;actuelle
PD09304825B0003;93048000AQ0406;actuelle
PD09304825B0002;930480000K0138;actuelle
PD09304825B0001;93048000BS0058;actuelle
PD09304824B0038;93048000AE0304;actuelle
PD09304824B0037;93048000BV0010;actuelle
PD09304824B0036;93048000AB0083;actuelle
PD09304824B0035;93048000AT0047;actuelle
PD09304824B0034;93048000AV0010;actuelle
PD09304824B0032;93048000CR0157;actuelle
PD09304824B0031;930480000D0292;actuelle
PD09304824B0030;93048000AY0051;actuelle
PD09304824B0028;93048000CF0030;ancienne
PD09304824B0027;93048000OC0144;introuvable
PD09304824B0026;93048000AZ0051;actuelle
PD09304824B0026;93048000AZ0242;actuelle
PD09304824B0026;93048000AZ0050;actuelle
PD09304824B0024;93048000BK0282;actuelle
PD09304824B0023;930480000D0099;actuelle
PD09304824B0022;930480000E0183;actuelle
PD09304824B0021;93048000AY0223;actuelle
PD09304824B0021;93048000AY0240;actuelle
PD09304824B0021;93048000AY0102;actuelle
PD09304824B0020;93048000AY0064;actuelle
PD09304824B0020;93048000AY0069;actuelle
PD09304824B0020;93048000AY0068;actuelle
PD09304824B0019;93048000AY0118;actuelle
PD09304824B0019;93048000AY0117;actuelle
PD09304824B0019;93048000AY0228;actuelle
PD09304824B0018;93048000AH0187;actuelle
PD09304824B0017;930480000R0077;actuelle
PD09304824B0017;930480000R0201;actuelle
PD09304824B0015;93048000AG0015;actuelle
PD09304824B0014;93048000CQ0067;actuelle
PD09304824B0012;930480000D0100;actuelle
PD09304824B0011;93048000BJ0213;actuelle
PD09304824B0010;93048000AE0126;actuelle
PD09304824B0009;93048000CL0197;actuelle
PD09304824B0008;930480000Z0018;actuelle
PD09304824B0007;93048000BP0125;actuelle
PD09304824B0007;93048000BP0131;actuelle
PD09304824B0006;93048000AK0097;ancienne
PD09304824B0005;930480000D0058;actuelle
PD09304824B0004;93048000BK0074;actuelle
PD09304824B0003;930480000O0407;actuelle
PD09304824B0001;930480000P0066;actuelle
PD09304823B0019;930480000E0055;ancienne
PD09304823B0019;930480000E0217;ancienne
PD09304823B0019;930480000E0218;ancienne
PD09304823B0018;93048000CM0217;actuelle
PD09304823B0017;93048000CJ0048;actuelle
PD09304823B0016;93048000AD0030;actuelle
PD09304823B0015;93048000AP0353;actuelle
PD09304823B0014;93048000AE0248;actuelle
PD09304823B0013;930480000B0049;actuelle
PD09304823B0012;93048000BS0066;actuelle
PD09304823B0011;93048000AM0213;actuelle
PD09304823B0010;93048000CH0004;actuelle
PD09304823B0009;93048000BT0172;actuelle
PD09304823B0008;930480000Z0021;actuelle
PD09304823B0007;930480000K0180;actuelle
PD09304823B0007;930480000K0193;actuelle
PD09304823B0006;93048000AT0100;actuelle
PD09304823B0005;93048000CI0204;actuelle
PD09304823B0004;930480000E0059;actuelle
PD09304823B0003;930480000E0103;actuelle
PD09304823B0002;93048000BH0177;actuelle
PD09304823B0001;930480000D0262;ancienne
PD0930482300011;93048000AM0213;actuelle
PD09304822B0016;93048000BK0074;actuelle
PD09304822B0015;93048000AO0126;actuelle
PD09304822B0014;930480000Q0204;actuelle
PD09304822B0012;93048000AG0187;actuelle
PD09304822B0011;93048000BS0063;actuelle
PD09304822B0010;93048000BG0064;actuelle
PD09304822B0009;93048000AI0259;actuelle
PD09304822B0008;93048000BS0064;actuelle
PD09304822B0007;930480000S0116;actuelle
PD09304822B0007;930480000S0117;actuelle
PD09304822B0006;93048000AU0123;actuelle
PD09304822B0006;93048000AU0078;actuelle
PD09304822B0006;93048000AU0165;actuelle
PD09304822B0005;930480000Q0090;actuelle
PD09304822B0004;930480000P0115;actuelle
PD09304822B0003;930480000X0124;actuelle
PD09304822B0001;93048000AM0213;actuelle
PD09304821B0028;93048000AM0213;actuelle
PD09304821B0026;93048000BC0065;actuelle
PD09304821B0026;93048000BC0125;actuelle
PD09304821B0025;93048000AT0025;ancienne
PD09304821B0024;930480000Z0227;actuelle
PD09304821B0023;93048000BS0020;actuelle
PD09304821B0022;93048000BF0038;actuelle
PD09304821B0021;930480000B0312;actuelle
PD09304821B0020;930480000M0107;actuelle
PD09304821B0019;930480000L0115;actuelle
PD09304821B0018;930480000E0065;actuelle
PD09304821B0018;930480000E0066;ancienne
PD09304821B0018;930480000E0073;ancienne
PD09304821B0017;930480000F0009;ancienne
PD09304821B0017;930480000F0010;ancienne
PD09304821B0017;930480000F0011;ancienne
PD09304821B0015;930480000F0012;ancienne
PD09304821B0015;930480000F0013;ancienne
PD09304821B0015;930480000F0020;ancienne
PD09304821B0014;930480000E0206;ancienne
PD09304821B0014;930480000E0091;ancienne
PD09304821B0013;930480000E0080;ancienne
PD09304821B0013;930480000E0081;ancienne
PD09304821B0011;93048000CL0145;ancienne
PD09304821B0010;930480000E0078;ancienne
PD09304821B0009;930480000E0079;ancienne
PD09304821B0008;930480000E0077;ancienne
PD09304821B0007;930480000E0076;ancienne
PD09304821B0006;93048000AY0122;actuelle
PD09304821B0006;93048000AY0123;ancienne
PD09304821B0006;93048000AY0121;actuelle
PD09304821B0005;930480000X0108;actuelle
PD09304821B0004;93048000AM0213;actuelle
PD09304821B0003;93048000BK0222;actuelle
PD09304821B0002;93048000AT0155;actuelle
PD09304821B0001;93048000AZ0056;ancienne
PD09304820B0028;93048000BJ0022;actuelle
PD09304820B0027;93048000AT0098;ancienne
PD09304820B0026;930480000O0294;actuelle
PD09304820B0026;930480000O0311;actuelle
PD09304820B0026;930480000O0312;actuelle
PD09304820B0025;930480000K0111;actuelle
PD09304820B0024;93048000AG0197;actuelle
PD09304820B0023;93048000CQ0178;actuelle
PD09304820B0023;93048000CQ0370;actuelle
PD09304820B0022;93048000CQ0069;actuelle
PD09304820B0022;93048000CQ0070;actuelle
PD09304820B0022;93048000CQ0077;actuelle
PD09304820B0021;93048000CQ0174;actuelle
PD09304820B0020;93048000CQ0363;actuelle
PD09304820B0020;93048000CQ0364;actuelle
PD09304820B0019;93048000CR0347;actuelle
PD09304820B0019;93048000CR0348;actuelle
PD09304820B0018;93048000CR0154;actuelle
PD09304820B0018;93048000CR0369;actuelle
PD09304820B0018;93048000CR0370;actuelle
PD09304820B0017;93048000CQ0175;actuelle
PD09304820B0017;93048000CQ0176;actuelle
PD09304820B0016;93048000CQ0177;actuelle
PD09304820B0015;93048000CR0379;actuelle
PD09304820B0015;93048000CR0380;actuelle
PD09304820B0014;930480000E0055;ancienne
PD09304820B0014;930480000E0217;ancienne
PD09304820B0014;930480000E0218;ancienne
PD09304820B0013;930480000F0022;actuelle
PD09304820B0013;930480000F0021;actuelle
PD09304820B0013;93048000CK0219;actuelle
PD09304820B0011;93048000AX0002;actuelle
PD09304820B0011;93048000AX0003;actuelle
PD09304820B0011;93048000AX0004;actuelle
PD09304820B0010;930480000N0210;actuelle
PD09304820B0010;930480000N0225;actuelle
PD09304820B0009;93048000BZ0245;actuelle
PD09304820B0009;93048000BZ0463;actuelle
PD09304820B0008;93048000AY0026;ancienne
PD09304820B0008;93048000AY0027;actuelle
PD09304820B0008;93048000AY0028;ancienne
PD09304820B0007;93048000CQ0359;actuelle
PD09304820B0007;93048000CQ0360;actuelle
PD09304820B0006;93048000AY0058;actuelle
PD09304820B0005;930480000E0083;ancienne
PD09304820B0005;930480000E0084;ancienne
PD09304820B0005;930480000E0085;ancienne
PD09304820B0002;93048000CI0142;actuelle
PD09304820B0001;930480000Z0007;actuelle
PD09304819B0016;93048000AF0154;actuelle
PD09304819B0015;930480000Q0058;ancienne
PD09304819B0014;93048000CD0182;actuelle
PD09304819B0014;93048000CD0183;actuelle
PD09304819B0014;93048000CD0223;ancienne
PD09304819B0013;93048000CM0008;actuelle
PD09304819B0012;93048000CQ0334;actuelle
PD09304819B0010;930480000R0097;actuelle
PD09304819B0009;93048000BI0217;actuelle
PD09304819B0009;93048000BI0218;actuelle
PD09304819B0008;93048000BZ0089;actuelle
PD09304819B0007;93048000AF0153;actuelle
PD09304819B0006;93048000BQ0001;actuelle
PD09304819B0005;930480000X0068;actuelle
PD09304819B0004;93048000AH0045;actuelle
PD09304819B0003;93048000CM0285;actuelle
PD09304819B0002;93048000BX0092;actuelle
PD09304819B0001;930480000I0057;actuelle
PD09304818B0020;93048000AT0018;actuelle
PD09304818B0019;930480000B0089;actuelle
PD09304818B0018;93048000BL0075;actuelle
PD09304818B0017;93048000BH0101;actuelle
PD09304818B0017;93048000BH0100;actuelle
PD09304818B0016;93048000CD0141;actuelle
PD09304818B0014;93048000BC0059;actuelle
PD09304818B0014;93048000BC0060;actuelle
PD09304818B0013;93048000CH0103;actuelle
PD09304818B0012;93048000AP0033;actuelle
PD09304818B0012;93048000AP0034;actuelle
PD09304818B0011;930480000A0123;actuelle
PD09304818B0010;93048000AZ0066;ancienne
PD09304818B0010;93048000AZ0062;ancienne
PD09304818B0010;93048000AZ0063;actuelle
PD09304818B0009;930480000O0220;actuelle
PD09304818B0008;93048000CK0127;actuelle
PD09304818B0007;93048000AI0066;actuelle
PD09304818B0007;93048000AI0065;actuelle
PD09304818B0006;93048000CG0004;actuelle
PD09304818B0005;930480000C0148;actuelle
PD09304818B0004;93048000AU0015;actuelle
PD09304818B0003;93048000AD0082;actuelle
PD09304818B0003;93048000AD0085;actuelle
PD09304818B0003;93048000AD0230;actuelle
PD09304818B0002;930480000E0206;ancienne
PD09304818B0001;93048000CR0167;actuelle
PD09304817B0016;93048000AZ0199;actuelle
PD09304817B0015;930480000D0296;actuelle
PD09304817B0015;930480000D0297;actuelle
PD09304817B0013;93048000BU0028;ancienne
PD09304817B0012;930480000M0272;actuelle
PD09304817B0011;93048000BR0114;actuelle
PD09304817B0010;93048000AU0012;ancienne
PD09304817B0009;93048000BT0167;actuelle
PD09304817B0008;93048000BI0117;actuelle
PD09304817B0007;93048000AI0264;actuelle
PD09304817B0007;93048000AI0265;actuelle
PD09304817B0006;93048000BE0042;actuelle
PD09304817B0005;930480000Z0456;actuelle
PD09304817B0004;930480000U0098;actuelle
PD09304817B0003;93048000AY0221;actuelle
PD09304817B0002;930480000I0068;actuelle
PD09304816B0019;93048000AX0056;actuelle
PD09304816B0018;93048000CR0243;actuelle
PD09304816B0017;93048000BH0015;actuelle
PD09304816B0016;93048000BQ0073;actuelle
PD09304816B0015;93048000AF0089;actuelle
PD09304816B0014;930480000L0118;actuelle
PD09304816B0013;930480000Q0096;actuelle
PD09304816B0012;93048000CK0136;actuelle
PD09304816B0011;93048000CN0163;actuelle
PD09304816B0011;93048000CN0161;actuelle
PD09304816B0011;93048000CN0168;actuelle
PD09304816B0010;93048000BM0061;actuelle
PD09304816B0009;93048000BU0026;actuelle
PD09304816B0008;93048000AP0120;actuelle
PD09304816B0007;93048000CK0136;actuelle
PD09304816B0006;930480000C0025;actuelle
PD09304816B0006;930480000C0027;actuelle
PD09304816B0006;930480000C0026;actuelle
PD09304816B0005;930480000D0109;ancienne
PD09304816B0005;930480000D0111;actuelle
PD09304816B0004;93048000AU0033;actuelle
PD09304816B0003;930480000I0087;actuelle
PD09304816B0002;930480000Q0097;actuelle
PD09304816B0001;93048000AI0250;actuelle
PD09304815B0020;93048000CD0312;actuelle
PD09304815B0020;93048000CD0327;actuelle
PD09304815B0020;93048000CD0329;actuelle
PD09304815B0019;93048000CF0084;actuelle
PD09304815B0018;93048000AH0171;actuelle
PD09304815B0016;93048000AD0037;actuelle
PD09304815B0015;93048000BD0040;ancienne
PD09304815B0014;93048000AU0026;actuelle
PD09304815B0014;93048000AU0029;actuelle
PD09304815B0013;93048000CR0345;actuelle
PD09304815B0013;93048000CR0346;actuelle
PD09304815B0012;93048000CR0033;actuelle
PD09304815B0011;93048000AG0255;actuelle
PD09304815B0011;93048000AG0256;actuelle
PD09304815B0010;930480000E0082;ancienne
PD09304815B0008;930480000F0070;actuelle
PD09304815B0008;930480000F0061;ancienne
PD09304815B0008;930480000F0001;ancienne
PD09304815B0007;930480000E0079;ancienne
PD09304815B0006;930480000E0078;ancienne
PD09304815B0005;93048000AG0155;actuelle
PD09304815B0005;93048000AG0076;actuelle
PD09304815B0005;93048000AG0077;actuelle
PD09304815B0003;93048000CJ0288;actuelle
PD09304815B0003;93048000CJ0270;actuelle
PD09304815B0003;93048000CJ0146;actuelle
PD09304815B0002;93048000AN0549;introuvable
PD09304815B0002;93048000AO0253;introuvable
PD09304815B0002;93048000AO0230;actuelle
PD09304815B0001;93048000CD0418;ancienne
PD09304815B0001;93048000CD0450;ancienne
PD09304814B0020;93048000AK0149;actuelle
PD09304814B0019;93048000CQ0173;introuvable
PD09304814B0018;93048000AT0003;actuelle
PD09304814B0017;930480000Y0016;ancienne
PD09304814B0016;93048000AK0130;actuelle
PD09304814B0015;93048000BG0054;actuelle
PD09304814B0014;93048000BG0055;actuelle
PD09304814B0013;93048000AY0018;ancienne
PD09304814B0013;93048000AY0019;ancienne
PD09304814B0012;93048000CF0008;introuvable
PD09304814B0012;930480000C0008;actuelle
PD09304814B0011;930480000I0010;ancienne
PD09304814B0010;93048000AT0064;actuelle
PD09304814B0009;93048000CQ0263;actuelle
PD09304814B0007;93048000BZ0204;actuelle
PD09304814B0006;93048000CI0006;actuelle
PD09304814B0005;93048000BZ0077;actuelle
PD09304814B0005;93048000BZ0071;actuelle
PD09304814B0004;93048000BZ0077;actuelle
PD09304814B0003;93048000AY0020;ancienne
PD09304814B0002;930480000X0139;actuelle
PD09304814B0001;930480000Q0182;actuelle
PD09304814B0001;930480000Q0183;actuelle
PD09304813B0021;93048000CR0034;introuvable
PD09304813B0020;93048000BS0143;actuelle
PD09304813B0018;93048000CR0169;actuelle
PD09304813B0017;93048000BZ0046;actuelle
PD09304813B0016;930480000Z0274;actuelle
PD09304813B0016;930480000Z0272;actuelle
PD09304813B0015;930480000X0172;actuelle
PD09304813B0015;930480000X0330;actuelle
PD09304813B0014;93048000CN0192;actuelle
PD09304813B0014;93048000CN0191;actuelle
PD09304813B0013;930480000L0226;actuelle
PD09304813B0012;93048000AV0026;ancienne
PD09304813B0011;930480000Y0239;actuelle
PD09304813B0010;930480000O0050;actuelle
PD09304813B0009;93048000AI0102;actuelle
PD09304813B0009;93048000AI0175;actuelle
PD09304813B0009;93048000AI0105;introuvable
PD09304813B0008;930480000D0259;introuvable
PD09304813B0008;930480000D0296;actuelle
PD09304813B0008;930480000D0297;actuelle
PD09304813B0007;93048000AX0077;ancienne
PD09304813B0006;930480000E0004;introuvable
PD09304813B0006;930480000E0006;introuvable
PD09304813B0005;93048000AE0081;actuelle
PD09304813B0003;930480000E0055;ancienne
PD09304813B0003;930480000E0217;ancienne
PD09304813B0003;930480000E0218;ancienne
PD09304813B0002;93048000CM0239;actuelle
PD09304813B0001;93048000AT0070;introuvable
PD09304812B0025;93048000AI0065;actuelle
PD09304812B0025;93048000AI0066;actuelle
PD09304812B0024;93048000BS0039;actuelle
PD09304812B0023;93048000AT0097;actuelle
