id;requete;retenu;label;type;score;lon;lat
PC09304812B0213;62 RUE EDOUARD BRANLY 93100 MONTREUIL;1;62 Rue Edouard Branly 93100 Montreuil;housenumber;0.98;2.461668;48.869865
PC09304812B0252;54 bis RUE ROBESPIERRE 93100 MONTREUIL;1;54bis Rue Robespierre 93100 Montreuil;housenumber;0.82;2.423602;48.853024
PC09304813B0036;3 bis RUE DOMBASLE MONTREUIL;1;3bis Rue Dombasle 93100 Montreuil;housenumber;0.80;2.449427;48.863768
PC09304813B0093;146 BOULEVARD CHANZY 93100 MONTREUIL;1;146 Boulevard Chanzy 93100 Montreuil;housenumber;0.98;2.426613;48.858930
PC09304813B0094;129 RUE BABEUF 93100 MONTREUIL;1;129 Rue Babeuf 93100 Montreuil;housenumber;0.98;2.479926;48.868060
PC09304813B0160;66 RUE PARMENTIER 93100 MONTREUIL;1;66 Rue Parmentier 93100 Montreuil;housenumber;0.98;2.429908;48.858994
PC09304813B0175;278 BOULEVARD DE LA BOISSIERE 93100 MONTREUIL;1;278 Boulevard de la Boissière 93100 Montreuil;housenumber;0.98;2.469066;48.873469
PC09304814B0001;46 RUE DE LA BEAUNE 93100 MONTREUIL;1;46 Rue de la Beaune 93100 Montreuil;housenumber;0.98;2.434172;48.861707
PC09304814B0035;90 RUE GASTON LAURIAU 93100 MONTREUIL;1;90 Rue Gaston Lauriau 93100 Montreuil;housenumber;0.98;2.448036;48.856513
PC09304814B0074;88 RUE FRANCOIS ARAGO 93100 MONTREUIL;1;88 Rue Francois Arago 93100 Montreuil;housenumber;0.98;2.428381;48.851924
PC09304814B0121;37 RUE KLEBER 93100 MONTREUIL;1;37 Rue Kléber 93100 Montreuil;housenumber;0.98;2.435197;48.855251
PC09304814B0157;100 RUE JULES GUESDE 93100 MONTREUIL;1;100 Rue Jules Guesde 93100 Montreuil;housenumber;0.98;2.479987;48.862715
PC09304814B0220;102 RUE EDOUARD VAILLANT MONTREUIL;1;102 Rue Edouard Vaillant 93100 Montreuil;housenumber;0.98;2.431126;48.851957
PC09304815B0046;123 RUE BABEUF 93100 MONTREUIL;1;123 Rue Babeuf 93100 Montreuil;housenumber;0.98;2.479732;48.867866
PC09304815B0144;48 RUE DE VINCENNES 93100 MONTREUIL;1;48 Rue de Vincennes 93100 Montreuil;housenumber;0.98;2.436121;48.854998
PC09304815B0184;274 BD DE LA BOISSIERE 93100 MONTREUIL;1;274 Boulevard de la Boissière 93100 Montreuil;housenumber;0.73;2.468834;48.875211
PC09304820B0014;20 RUE GASTON COUTE 93100 MONTREUIL;1;20 Rue Gaston Couté 93100 Montreuil;housenumber;0.97;2.440983;48.871349
PC09304821B0046;4 RUE DU SOLITAIRE 93100 MONTREUIL;1;4 Rue du Solitaire 93100 Montreuil;housenumber;0.97;2.448799;48.862047
PC09304822B0122;39 RUE DE LA REPUBLIQUE 93100 MONTREUIL;1;39 Rue de la République 93100 Montreuil;housenumber;0.97;2.420970;48.852890
PC09304823B0019;22 RUE EDOUARD BRANLY 93100 MONTREUIL;1;22 Rue Edouard Branly 93100 Montreuil;housenumber;0.98;2.459242;48.868830
PC09304825B0068;114 RUE DES RUFFINS 93100 MONTREUIL;1;114 Rue des Ruffins 93100 Montreuil;housenumber;0.98;2.472506;48.860966
PC09304825B0126;75 RUE DES RAMENAS 93100 MONTREUIL;1;Rue des Ramenas 93100 Montreuil;street;0.81;2.449811;48.873502
PC09304825B0127;199 RUE DE PARIS 93100 MONTREUIL;1;199 Rue de Paris 93100 Montreuil;housenumber;0.98;2.420834;48.855245
DP09304813B0020;66 RUE PARMENTIER MONTREUIL;1;66 Rue Parmentier 93100 Montreuil;housenumber;0.98;2.429908;48.858994
DP09304816B0036;26 RUE DE VITRY 93100 MONTREUIL;1;26 Rue de Vitry 93100 Montreuil;housenumber;0.98;2.446710;48.860962
DP09304817B0144;21 RUE DU CAPITAINE DREYFUS 93100 MONTREUIL;1;21 Rue du Capitaine Dreyfus 93100 Montreuil;housenumber;0.98;2.439087;48.859011
DP09304826B0286;175 RUE LENAIN DE TILLEMONT 93100 MONTREUIL;1;175 Rue Lenain de Tillemont 93100 Montreuil;housenumber;0.98;2.465602;48.857143
PC09304812B0193;120 RUE LENAIN DE TILLEMONT MONTREUIL;1;Rue Lenain de Tillemont 93100 Montreuil;street;0.80;2.461758;48.859238
PC09304812B0235;79 RUE DE LA FRATERNITE MONTREUIL;1;79 Rue de la Fraternité 93100 Montreuil;housenumber;0.97;2.423485;48.858409
PC09304820B0111;81 bis RUE DE PARIS 93100 MONTREUIL;1;81bis Rue de Paris 93100 Montreuil;housenumber;0.82;2.431180;48.857097
PA09304813B0001;RUE DES MESSIERS 93100 MONTREUIL;1;Rue des Messiers 93100 Montreuil;street;0.98;2.428836;48.860124
PD09304826B0021;175 RUE LENAIN DE TILLEMONT 93100 MONTREUIL;1;175 Rue Lenain de Tillemont 93100 Montreuil;housenumber;0.98;2.465602;48.857143
PD09304824B0027;7 ALLEE DU PRINTEMPS 93100 MONTREUIL;1;7 Allée du Printemps 93100 Montreuil;housenumber;0.97;2.461391;48.878132
PD09304814B0019;2 bis RUE DES BRAVES 93100 MONTREUIL;1;2bis Rue des Braves 93100 Montreuil;housenumber;0.81;2.479926;48.861331
PD09304813B0021;15 RUE DE LA PAIX 93100 MONTREUIL;1;15 Rue de la Paix 93100 Montreuil;housenumber;0.97;2.473960;48.861943
PD09304813B0006;11 RUE SIMONE SIGNORET 93100 MONTREUIL;1;Rue Simone Signoret 93100 Montreuil;street;0.81;2.466423;48.875246
PD09304813B0001;66 RUE PARMENTIER MONTREUIL;1;66 Rue Parmentier 93100 Montreuil;housenumber;0.98;2.429908;48.858994
